id_cliente,data_liberacao_credito,tipo_credito
10000,2025-04-13 12:00:00,CDC
10001,2025-12-15 15:00:00,Consignado
10002,2025-04-17 16:00:00,CDC
10003,2025-07-08 13:00:00,Consignado
10004,2025-04-13 10:00:00,Consignado
10005,2025-08-03 11:00:00,CDC
10006,2025-03-29 13:00:00,Crédito Pessoal
10007,2025-04-10 16:00:00,Consignado
10008,2025-06-01 11:00:00,Antecipação Saque Aniversário
10009,2025-05-30 13:00:00,Antecipação Saque Aniversário
10010,2025-09-15 16:00:00,CDC
10011,2025-10-21 10:00:00,Crédito Pessoal
10012,2025-07-11 12:00:00,CDC
10013,2025-10-04 09:00:00,Crédito Pessoal
10014,2025-11-10 14:00:00,Consignado
10015,2025-09-10 12:00:00,Consignado
10016,2025-12-11 09:00:00,Consignado
10018,2025-06-19 16:00:00,Antecipação Saque Aniversário
10019,2025-07-07 16:00:00,Antecipação Saque Aniversário
10020,2025-09-28 14:00:00,CDC
10021,2025-06-24 14:00:00,Crédito Pessoal
10023,2025-02-24 12:00:00,Consignado
10024,2025-11-16 09:00:00,Crédito Pessoal
10025,2025-05-11 13:00:00,Crédito Pessoal
10026,2025-11-03 15:00:00,CDC
10027,2025-01-21 09:00:00,Crédito Pessoal
10028,2025-06-16 10:00:00,Consignado
10029,2025-03-30 12:00:00,Consignado
10030,2025-01-14 10:00:00,Consignado
10032,2025-02-22 10:00:00,Consignado
10033,2025-12-06 12:00:00,CDC
10034,2025-09-21 15:00:00,Consignado
10035,2025-02-04 14:00:00,CDC
10036,2025-03-22 12:00:00,Consignado
10037,2025-02-19 16:00:00,Antecipação Saque Aniversário
10038,2025-01-02 14:00:00,Antecipação Saque Aniversário
10039,2025-02-23 10:00:00,Antecipação Saque Aniversário
10040,2025-09-17 14:00:00,Antecipação Saque Aniversário
10041,2025-07-10 10:00:00,CDC
10042,2025-08-06 12:00:00,CDC
10043,2025-06-11 10:00:00,Crédito Pessoal
10044,2025-09-27 15:00:00,Consignado
10045,2025-10-31 15:00:00,Antecipação Saque Aniversário
10046,2025-08-03 12:00:00,CDC
10047,2025-07-09 16:00:00,Consignado
10049,2025-08-25 10:00:00,CDC
10051,2025-08-05 12:00:00,Crédito Pessoal
10052,2025-07-07 12:00:00,Consignado
10053,2025-02-10 13:00:00,Crédito Pessoal
10055,2025-03-06 09:00:00,Antecipação Saque Aniversário
10057,2025-12-10 09:00:00,Antecipação Saque Aniversário
10058,2025-05-16 16:00:00,Consignado
10059,2025-03-04 11:00:00,Crédito Pessoal
10060,2025-03-22 16:00:00,Antecipação Saque Aniversário
10062,2025-10-16 11:00:00,Consignado
10063,2025-09-18 10:00:00,Antecipação Saque Aniversário
10064,2025-08-19 10:00:00,Consignado
10065,2025-02-10 12:00:00,Antecipação Saque Aniversário
10066,2025-05-15 09:00:00,CDC
10067,2025-11-24 12:00:00,Antecipação Saque Aniversário
10068,2025-02-02 16:00:00,Crédito Pessoal
10069,2025-03-03 16:00:00,Antecipação Saque Aniversário
10070,2025-10-20 11:00:00,Consignado
10071,2025-06-21 16:00:00,Consignado
10072,2025-08-02 11:00:00,Antecipação Saque Aniversário
10073,2025-02-04 09:00:00,Crédito Pessoal
10074,2025-08-15 13:00:00,CDC
10075,2025-05-11 09:00:00,Crédito Pessoal
10076,2025-01-05 10:00:00,CDC
10077,2025-09-12 14:00:00,Consignado
10078,2025-12-25 11:00:00,Crédito Pessoal
10079,2025-07-26 15:00:00,CDC
10080,2025-12-12 10:00:00,Antecipação Saque Aniversário
10081,2025-06-28 15:00:00,Consignado
10082,2025-12-18 15:00:00,Antecipação Saque Aniversário
10083,2025-08-29 12:00:00,Consignado
10084,2025-04-06 12:00:00,Crédito Pessoal
10085,2025-08-10 13:00:00,Crédito Pessoal
10086,2025-08-19 13:00:00,Consignado
10087,2025-05-23 11:00:00,Consignado
10088,2025-01-29 12:00:00,Consignado
10089,2025-01-13 16:00:00,Crédito Pessoal
10090,2025-11-23 11:00:00,CDC
10091,2025-08-31 14:00:00,Antecipação Saque Aniversário
10092,2025-10-11 10:00:00,Antecipação Saque Aniversário
10093,2025-06-19 13:00:00,Crédito Pessoal
10094,2025-03-03 09:00:00,Antecipação Saque Aniversário
10095,2025-05-14 12:00:00,Consignado
10097,2025-02-13 12:00:00,Antecipação Saque Aniversário
10098,2025-10-13 14:00:00,CDC
10099,2025-11-27 16:00:00,Consignado
10100,2025-12-14 09:00:00,Antecipação Saque Aniversário
10101,2025-08-19 14:00:00,Crédito Pessoal
10102,2025-08-13 09:00:00,CDC
10103,2025-10-10 14:00:00,Consignado
10104,2025-05-01 12:00:00,CDC
10105,2025-08-21 11:00:00,Antecipação Saque Aniversário
10106,2025-12-25 14:00:00,Antecipação Saque Aniversário
10107,2025-05-17 14:00:00,Crédito Pessoal
10108,2025-06-14 09:00:00,Consignado
10109,2025-11-03 10:00:00,Consignado
10110,2025-06-21 16:00:00,Crédito Pessoal
10111,2025-11-11 14:00:00,Crédito Pessoal
10112,2025-06-09 16:00:00,Consignado
10113,2025-08-21 12:00:00,CDC
10114,2025-04-23 14:00:00,CDC
10115,2025-02-21 12:00:00,Crédito Pessoal
10116,2025-10-22 10:00:00,CDC
10117,2025-04-23 13:00:00,Consignado
10119,2025-03-22 11:00:00,Antecipação Saque Aniversário
10120,2025-04-23 10:00:00,CDC
10121,2025-05-10 12:00:00,Crédito Pessoal
10122,2025-02-23 15:00:00,Crédito Pessoal
10123,2025-08-12 09:00:00,Crédito Pessoal
10124,2025-05-06 10:00:00,Crédito Pessoal
10125,2025-02-22 12:00:00,Crédito Pessoal
10126,2025-08-06 16:00:00,CDC
10127,2025-07-17 16:00:00,Antecipação Saque Aniversário
10128,2025-09-04 12:00:00,Antecipação Saque Aniversário
10129,2025-07-22 16:00:00,CDC
10130,2025-05-03 09:00:00,Crédito Pessoal
10131,2025-09-12 14:00:00,CDC
10132,2025-10-07 13:00:00,Antecipação Saque Aniversário
10133,2025-04-08 14:00:00,Consignado
10134,2025-08-28 16:00:00,CDC
10135,2025-04-07 09:00:00,Crédito Pessoal
10136,2025-05-04 11:00:00,Antecipação Saque Aniversário
10137,2025-11-22 16:00:00,Antecipação Saque Aniversário
10138,2025-12-15 11:00:00,Antecipação Saque Aniversário
10139,2025-05-28 12:00:00,Antecipação Saque Aniversário
10140,2025-12-12 11:00:00,Crédito Pessoal
10141,2025-05-27 12:00:00,Consignado
10142,2025-12-18 15:00:00,Antecipação Saque Aniversário
10143,2025-11-04 09:00:00,CDC
10144,2025-05-08 15:00:00,Consignado
10145,2025-12-04 16:00:00,Antecipação Saque Aniversário
10146,2025-05-09 11:00:00,Consignado
10147,2025-05-31 15:00:00,CDC
10148,2025-10-25 11:00:00,Antecipação Saque Aniversário
10149,2025-09-20 12:00:00,CDC
10150,2025-05-24 10:00:00,Crédito Pessoal
10151,2025-04-22 09:00:00,Antecipação Saque Aniversário
10152,2025-03-01 09:00:00,Antecipação Saque Aniversário
10153,2025-01-02 09:00:00,Antecipação Saque Aniversário
10154,2025-10-31 14:00:00,Antecipação Saque Aniversário
10155,2025-05-20 13:00:00,Crédito Pessoal
10156,2025-02-06 16:00:00,Antecipação Saque Aniversário
10157,2025-01-09 09:00:00,Consignado
10158,2025-04-09 11:00:00,Antecipação Saque Aniversário
10160,2025-05-11 12:00:00,Antecipação Saque Aniversário
10161,2025-06-01 14:00:00,Consignado
10162,2025-04-30 09:00:00,Crédito Pessoal
10163,2025-04-26 11:00:00,Crédito Pessoal
10164,2025-04-23 16:00:00,Consignado
10165,2025-04-14 12:00:00,Consignado
10166,2025-09-11 11:00:00,Consignado
10167,2025-04-22 14:00:00,Consignado
10168,2025-04-09 09:00:00,Consignado
10169,2025-12-15 10:00:00,Crédito Pessoal
10170,2025-12-04 10:00:00,Crédito Pessoal
10171,2025-11-06 11:00:00,Antecipação Saque Aniversário
10172,2025-07-27 13:00:00,Antecipação Saque Aniversário
10173,2025-06-18 12:00:00,CDC
10174,2025-06-10 12:00:00,Antecipação Saque Aniversário
10175,2025-10-16 14:00:00,Antecipação Saque Aniversário
10176,2025-10-04 16:00:00,Consignado
10177,2025-05-15 11:00:00,Consignado
10178,2025-05-08 09:00:00,Antecipação Saque Aniversário
10179,2025-06-25 12:00:00,CDC
10180,2025-01-22 14:00:00,Consignado
10181,2025-06-07 14:00:00,Antecipação Saque Aniversário
10182,2025-08-18 13:00:00,Antecipação Saque Aniversário
10183,2025-02-20 14:00:00,Crédito Pessoal
10184,2025-09-21 11:00:00,CDC
10185,2025-01-27 10:00:00,Crédito Pessoal
10186,2025-10-04 14:00:00,CDC
10187,2025-04-07 12:00:00,Consignado
10188,2025-11-13 16:00:00,CDC
10189,2025-05-27 12:00:00,Antecipação Saque Aniversário
10190,2025-02-04 16:00:00,Antecipação Saque Aniversário
10191,2025-02-18 16:00:00,CDC
10192,2025-01-17 12:00:00,CDC
10193,2025-08-08 14:00:00,CDC
10194,2025-02-15 13:00:00,Crédito Pessoal
10195,2025-01-06 11:00:00,CDC
10196,2025-08-21 13:00:00,Consignado
10198,2025-10-29 13:00:00,Crédito Pessoal
10199,2025-04-05 11:00:00,CDC
10200,2025-07-07 09:00:00,Consignado
10201,2025-04-26 15:00:00,Crédito Pessoal
10202,2025-09-10 13:00:00,Antecipação Saque Aniversário
10203,2025-06-10 16:00:00,Crédito Pessoal
10204,2025-11-19 16:00:00,CDC
10205,2025-01-18 09:00:00,Consignado
10206,2025-08-11 14:00:00,CDC
10207,2025-02-27 11:00:00,Antecipação Saque Aniversário
10208,2025-12-26 14:00:00,Antecipação Saque Aniversário
10209,2025-10-07 10:00:00,Antecipação Saque Aniversário
10210,2025-10-15 15:00:00,CDC
10211,2025-12-08 15:00:00,Crédito Pessoal
10212,2025-05-07 11:00:00,CDC
10213,2025-09-30 16:00:00,Consignado
10214,2025-10-26 14:00:00,Crédito Pessoal
10215,2025-06-25 15:00:00,Antecipação Saque Aniversário
10216,2025-06-19 15:00:00,CDC
10217,2025-01-26 11:00:00,Antecipação Saque Aniversário
10218,2025-11-02 09:00:00,Antecipação Saque Aniversário
10219,2025-01-13 12:00:00,Consignado
10220,2025-11-09 12:00:00,Crédito Pessoal
10221,2025-06-22 12:00:00,Consignado
10222,2025-11-17 16:00:00,Consignado
10223,2025-05-22 12:00:00,Consignado
10224,2025-05-23 12:00:00,Antecipação Saque Aniversário
10225,2025-12-20 10:00:00,Consignado
10226,2025-10-15 15:00:00,Consignado
10227,2025-12-08 11:00:00,Crédito Pessoal
10228,2025-06-02 10:00:00,Crédito Pessoal
10230,2025-05-05 14:00:00,Crédito Pessoal
10231,2025-11-10 10:00:00,Crédito Pessoal
10232,2025-12-08 09:00:00,Consignado
10233,2025-06-29 10:00:00,Antecipação Saque Aniversário
10235,2025-02-23 11:00:00,Crédito Pessoal
10236,2025-04-11 09:00:00,Antecipação Saque Aniversário
10237,2025-09-21 13:00:00,CDC
10238,2025-03-01 12:00:00,Antecipação Saque Aniversário
10239,2025-04-18 13:00:00,Crédito Pessoal
10240,2025-04-13 12:00:00,Antecipação Saque Aniversário
10241,2025-09-19 13:00:00,Consignado
10242,2025-12-16 15:00:00,CDC
10243,2025-12-21 15:00:00,CDC
10244,2025-11-04 16:00:00,CDC
10245,2025-09-26 10:00:00,Crédito Pessoal
10246,2025-05-04 10:00:00,Crédito Pessoal
10247,2025-06-07 11:00:00,CDC
10248,2025-05-25 16:00:00,Antecipação Saque Aniversário
10249,2025-11-15 11:00:00,CDC
10250,2025-04-02 10:00:00,Antecipação Saque Aniversário
10251,2025-12-12 13:00:00,Antecipação Saque Aniversário
10252,2025-04-27 14:00:00,Crédito Pessoal
10253,2025-10-06 15:00:00,Antecipação Saque Aniversário
10254,2025-05-09 10:00:00,CDC
10255,2025-05-02 09:00:00,Crédito Pessoal
10256,2025-08-27 10:00:00,Consignado
10257,2025-04-06 14:00:00,Consignado
10258,2025-04-28 16:00:00,Crédito Pessoal
10259,2025-03-30 16:00:00,CDC
10260,2025-08-25 13:00:00,Consignado
10261,2025-09-29 13:00:00,Consignado
10262,2025-07-11 15:00:00,Antecipação Saque Aniversário
10263,2025-03-10 14:00:00,Antecipação Saque Aniversário
10264,2025-12-15 15:00:00,CDC
10265,2025-03-17 10:00:00,Crédito Pessoal
10266,2025-05-24 11:00:00,CDC
10267,2025-03-27 09:00:00,Crédito Pessoal
10268,2025-10-12 14:00:00,Consignado
10269,2025-08-08 13:00:00,Antecipação Saque Aniversário
10270,2025-02-16 09:00:00,CDC
10271,2025-04-04 14:00:00,CDC
10272,2025-07-23 16:00:00,Crédito Pessoal
10273,2025-08-06 10:00:00,Crédito Pessoal
10274,2025-12-07 15:00:00,CDC
10275,2025-04-10 09:00:00,Crédito Pessoal
10276,2025-09-11 14:00:00,CDC
10277,2025-12-23 15:00:00,CDC
10278,2025-09-07 10:00:00,CDC
10279,2025-09-03 13:00:00,Consignado
10280,2025-04-10 10:00:00,Crédito Pessoal
10281,2025-06-29 15:00:00,Antecipação Saque Aniversário
10282,2025-09-07 11:00:00,Antecipação Saque Aniversário
10284,2025-11-21 13:00:00,CDC
10286,2025-10-07 16:00:00,Antecipação Saque Aniversário
10287,2025-09-04 10:00:00,Crédito Pessoal
10288,2025-06-09 11:00:00,Antecipação Saque Aniversário
10289,2025-12-06 16:00:00,CDC
10290,2025-06-27 11:00:00,Crédito Pessoal
10291,2025-02-02 09:00:00,CDC
10292,2025-06-28 11:00:00,Antecipação Saque Aniversário
10293,2025-04-11 12:00:00,Antecipação Saque Aniversário
10295,2025-06-17 10:00:00,Consignado
10296,2025-02-12 12:00:00,Antecipação Saque Aniversário
10297,2025-10-12 13:00:00,Consignado
10298,2025-01-12 15:00:00,Antecipação Saque Aniversário
10299,2025-10-29 10:00:00,Consignado
10300,2025-09-10 11:00:00,Consignado
10301,2025-08-30 11:00:00,Consignado
10302,2025-08-03 09:00:00,CDC
10303,2025-03-31 16:00:00,Consignado
10304,2025-04-03 10:00:00,Consignado
10305,2025-03-31 14:00:00,Consignado
10307,2025-07-15 10:00:00,Consignado
10308,2025-04-24 13:00:00,Antecipação Saque Aniversário
10309,2025-03-16 13:00:00,Consignado
10310,2025-08-05 13:00:00,Consignado
10312,2025-12-23 09:00:00,Antecipação Saque Aniversário
10313,2025-07-11 11:00:00,Consignado
10314,2025-06-26 11:00:00,Antecipação Saque Aniversário
10315,2025-02-05 10:00:00,Antecipação Saque Aniversário
10316,2025-04-06 16:00:00,Crédito Pessoal
10318,2025-08-12 13:00:00,CDC
10319,2025-09-25 09:00:00,CDC
10320,2025-07-02 13:00:00,Crédito Pessoal
10321,2025-10-06 09:00:00,Crédito Pessoal
10322,2025-12-21 09:00:00,CDC
10323,2025-10-13 09:00:00,Crédito Pessoal
10325,2025-08-05 14:00:00,Crédito Pessoal
10326,2025-07-06 11:00:00,CDC
10327,2025-06-26 12:00:00,CDC
10328,2025-08-21 11:00:00,CDC
10329,2025-03-17 09:00:00,Crédito Pessoal
10330,2025-10-11 14:00:00,CDC
10331,2025-08-11 16:00:00,Crédito Pessoal
10332,2025-02-21 11:00:00,Consignado
10333,2025-05-24 13:00:00,Crédito Pessoal
10334,2025-03-10 11:00:00,Antecipação Saque Aniversário
10335,2025-01-25 12:00:00,CDC
10336,2025-02-22 15:00:00,CDC
10337,2025-05-24 09:00:00,Antecipação Saque Aniversário
10338,2025-02-08 13:00:00,Crédito Pessoal
10339,2025-06-30 10:00:00,Consignado
10340,2025-07-05 15:00:00,Antecipação Saque Aniversário
10341,2025-08-11 10:00:00,Antecipação Saque Aniversário
10342,2025-05-13 11:00:00,Crédito Pessoal
10343,2025-08-03 13:00:00,CDC
10344,2025-08-23 11:00:00,Crédito Pessoal
10345,2025-05-26 15:00:00,Antecipação Saque Aniversário
10346,2025-03-17 09:00:00,Antecipação Saque Aniversário
10347,2025-03-15 10:00:00,CDC
10348,2025-09-10 14:00:00,CDC
10349,2025-01-07 14:00:00,CDC
10350,2025-05-21 16:00:00,Crédito Pessoal
10351,2025-06-19 09:00:00,CDC
10352,2025-10-10 10:00:00,Antecipação Saque Aniversário
10353,2025-07-13 13:00:00,Antecipação Saque Aniversário
10354,2025-01-29 13:00:00,Consignado
10355,2025-12-05 16:00:00,Crédito Pessoal
10356,2025-12-31 09:00:00,Consignado
10357,2025-12-08 12:00:00,Antecipação Saque Aniversário
10358,2025-05-25 15:00:00,Consignado
10359,2025-11-23 09:00:00,Antecipação Saque Aniversário
10360,2025-10-28 12:00:00,Consignado
10361,2025-10-19 14:00:00,CDC
10362,2025-09-09 15:00:00,Consignado
10363,2025-10-02 13:00:00,CDC
10364,2025-12-30 14:00:00,CDC
10365,2025-06-16 11:00:00,Crédito Pessoal
10366,2025-07-21 10:00:00,CDC
10367,2025-01-19 15:00:00,CDC
10368,2025-05-06 11:00:00,Consignado
10369,2025-06-22 13:00:00,Antecipação Saque Aniversário
10370,2025-08-30 12:00:00,Crédito Pessoal
10371,2025-05-06 10:00:00,CDC
10372,2025-05-28 12:00:00,Crédito Pessoal
10373,2025-11-13 15:00:00,Consignado
10374,2025-12-27 15:00:00,CDC
10375,2025-01-01 11:00:00,Consignado
10376,2025-12-14 14:00:00,Crédito Pessoal
10377,2025-07-10 12:00:00,Consignado
10378,2025-11-08 09:00:00,Crédito Pessoal
10379,2025-04-27 14:00:00,Consignado
10380,2025-02-27 12:00:00,Crédito Pessoal
10381,2025-06-22 16:00:00,Antecipação Saque Aniversário
10382,2025-06-22 13:00:00,Consignado
10383,2025-10-30 13:00:00,Consignado
10384,2025-03-21 14:00:00,Antecipação Saque Aniversário
10385,2025-08-01 11:00:00,Antecipação Saque Aniversário
10386,2025-09-09 13:00:00,Consignado
10387,2025-06-13 11:00:00,Antecipação Saque Aniversário
10388,2025-05-27 12:00:00,CDC
10389,2025-02-16 09:00:00,Crédito Pessoal
10390,2025-11-01 14:00:00,Crédito Pessoal
10391,2025-05-23 15:00:00,Crédito Pessoal
10392,2025-01-01 13:00:00,CDC
10393,2025-02-23 14:00:00,Antecipação Saque Aniversário
10394,2025-09-16 16:00:00,Antecipação Saque Aniversário
10395,2025-01-12 10:00:00,Consignado
10397,2025-12-24 12:00:00,Consignado
10399,2025-01-08 10:00:00,Crédito Pessoal
10400,2025-12-14 12:00:00,Crédito Pessoal
10401,2025-03-31 16:00:00,Crédito Pessoal
10402,2025-07-05 12:00:00,Antecipação Saque Aniversário
10404,2025-08-08 13:00:00,Consignado
10405,2025-02-10 12:00:00,CDC
10406,2025-07-11 11:00:00,Antecipação Saque Aniversário
10407,2025-05-25 09:00:00,CDC
10408,2025-07-31 13:00:00,Consignado
10409,2025-08-08 16:00:00,Consignado
10410,2025-02-15 11:00:00,Crédito Pessoal
10411,2025-09-10 14:00:00,Antecipação Saque Aniversário
10412,2025-03-23 11:00:00,Consignado
10413,2025-09-13 13:00:00,Crédito Pessoal
10414,2025-10-30 09:00:00,Antecipação Saque Aniversário
10415,2025-01-10 16:00:00,CDC
10416,2025-10-13 10:00:00,Antecipação Saque Aniversário
10417,2025-09-08 13:00:00,Antecipação Saque Aniversário
10418,2025-01-05 15:00:00,Consignado
10419,2025-10-16 14:00:00,Consignado
10420,2025-03-06 10:00:00,Antecipação Saque Aniversário
10421,2025-08-12 15:00:00,Consignado
10422,2025-06-26 11:00:00,Consignado
10423,2025-12-07 10:00:00,Consignado
10424,2025-03-04 09:00:00,Crédito Pessoal
10425,2025-12-08 11:00:00,Crédito Pessoal
10426,2025-10-10 09:00:00,Antecipação Saque Aniversário
10427,2025-04-08 09:00:00,Consignado
10428,2025-04-09 15:00:00,Crédito Pessoal
10429,2025-11-07 14:00:00,Antecipação Saque Aniversário
10430,2025-07-16 15:00:00,Consignado
10431,2025-05-13 14:00:00,CDC
10432,2025-09-16 13:00:00,Consignado
10433,2025-01-23 13:00:00,Consignado
10434,2025-02-22 13:00:00,Crédito Pessoal
10435,2025-07-21 10:00:00,Antecipação Saque Aniversário
10436,2025-03-24 09:00:00,Antecipação Saque Aniversário
10437,2025-03-26 14:00:00,Crédito Pessoal
10438,2025-01-01 11:00:00,Consignado
10439,2025-06-22 13:00:00,CDC
10440,2025-09-17 14:00:00,Consignado
10441,2025-10-15 10:00:00,Consignado
10442,2025-12-14 15:00:00,CDC
10443,2025-03-13 15:00:00,Crédito Pessoal
10444,2025-06-03 10:00:00,Antecipação Saque Aniversário
10445,2025-06-11 14:00:00,Crédito Pessoal
10446,2025-04-28 11:00:00,Crédito Pessoal
10447,2025-11-02 12:00:00,Consignado
10448,2025-02-23 12:00:00,Antecipação Saque Aniversário
10449,2025-08-10 11:00:00,Antecipação Saque Aniversário
10450,2025-11-09 09:00:00,Crédito Pessoal
10451,2025-04-22 15:00:00,CDC
10452,2025-10-30 15:00:00,Crédito Pessoal
10453,2025-07-26 13:00:00,CDC
10454,2025-12-07 14:00:00,Antecipação Saque Aniversário
10455,2025-03-07 11:00:00,Crédito Pessoal
10456,2025-04-13 14:00:00,Consignado
10457,2025-07-11 12:00:00,Crédito Pessoal
10458,2025-08-14 14:00:00,Antecipação Saque Aniversário
10459,2025-11-02 10:00:00,Consignado
10460,2025-12-04 14:00:00,Consignado
10461,2025-12-01 11:00:00,CDC
10462,2025-11-04 09:00:00,Consignado
10463,2025-06-15 09:00:00,Consignado
10464,2025-12-01 12:00:00,Crédito Pessoal
10465,2025-01-30 15:00:00,Antecipação Saque Aniversário
10466,2025-04-16 11:00:00,CDC
10467,2025-03-22 13:00:00,Crédito Pessoal
10468,2025-10-12 12:00:00,Consignado
10469,2025-05-18 16:00:00,Consignado
10470,2025-11-26 09:00:00,CDC
10471,2025-12-06 16:00:00,Antecipação Saque Aniversário
10472,2025-03-10 10:00:00,CDC
10473,2025-09-19 13:00:00,Crédito Pessoal
10474,2025-07-24 14:00:00,CDC
10475,2025-08-23 11:00:00,Consignado
10476,2025-08-28 11:00:00,Crédito Pessoal
10477,2025-04-21 09:00:00,Consignado
10478,2025-05-31 15:00:00,Antecipação Saque Aniversário
10479,2025-12-02 15:00:00,Consignado
10480,2025-01-08 12:00:00,Consignado
10481,2025-12-26 12:00:00,CDC
10482,2025-07-03 09:00:00,Consignado
10484,2025-07-14 11:00:00,Crédito Pessoal
10485,2025-04-03 16:00:00,Antecipação Saque Aniversário
10486,2025-03-02 10:00:00,Crédito Pessoal
10487,2025-02-20 11:00:00,CDC
10488,2025-10-04 13:00:00,Antecipação Saque Aniversário
10489,2025-04-02 10:00:00,Crédito Pessoal
10490,2025-11-13 14:00:00,CDC
10491,2025-11-22 09:00:00,Crédito Pessoal
10492,2025-05-13 09:00:00,Crédito Pessoal
10493,2025-01-12 10:00:00,Consignado
10494,2025-02-15 10:00:00,Crédito Pessoal
10495,2025-03-19 10:00:00,Crédito Pessoal
10496,2025-10-28 11:00:00,CDC
10497,2025-03-14 10:00:00,CDC
10498,2025-09-06 15:00:00,Consignado
10499,2025-05-01 14:00:00,Crédito Pessoal
10500,2025-08-27 16:00:00,Consignado
10501,2025-12-16 11:00:00,Crédito Pessoal
10502,2025-11-15 16:00:00,Antecipação Saque Aniversário
10504,2025-01-26 12:00:00,Consignado
10505,2025-09-14 16:00:00,Consignado
10506,2025-04-23 11:00:00,Consignado
10507,2025-09-10 12:00:00,CDC
10508,2025-07-26 15:00:00,CDC
10509,2025-05-07 16:00:00,CDC
10510,2025-08-02 14:00:00,Consignado
10511,2025-01-28 15:00:00,Crédito Pessoal
10512,2025-03-19 16:00:00,Antecipação Saque Aniversário
10514,2025-01-14 11:00:00,CDC
10515,2025-11-08 11:00:00,CDC
10516,2025-01-07 11:00:00,Consignado
10517,2025-04-21 15:00:00,Consignado
10518,2025-08-26 11:00:00,CDC
10519,2025-08-27 12:00:00,Crédito Pessoal
10520,2025-10-01 10:00:00,CDC
10521,2025-10-21 11:00:00,CDC
10522,2025-01-15 16:00:00,Consignado
10523,2025-04-29 13:00:00,Crédito Pessoal
10524,2025-01-28 10:00:00,CDC
10525,2025-02-08 09:00:00,CDC
10526,2025-09-30 15:00:00,Antecipação Saque Aniversário
10527,2025-03-27 10:00:00,Consignado
10528,2025-05-06 12:00:00,Antecipação Saque Aniversário
10529,2025-01-25 09:00:00,Antecipação Saque Aniversário
10530,2025-01-13 12:00:00,CDC
10531,2025-01-25 12:00:00,Consignado
10533,2025-04-19 10:00:00,CDC
10534,2025-04-21 12:00:00,Crédito Pessoal
10535,2025-04-21 14:00:00,Crédito Pessoal
10536,2025-02-03 15:00:00,Consignado
10537,2025-09-21 16:00:00,Antecipação Saque Aniversário
10539,2025-02-11 09:00:00,Crédito Pessoal
10540,2025-04-11 14:00:00,CDC
10541,2025-06-29 10:00:00,Crédito Pessoal
10542,2025-11-16 10:00:00,CDC
10543,2025-11-11 13:00:00,CDC
10544,2025-08-17 09:00:00,Consignado
10545,2025-10-16 13:00:00,Crédito Pessoal
10546,2025-05-30 13:00:00,Antecipação Saque Aniversário
10547,2025-07-17 14:00:00,Crédito Pessoal
10548,2025-04-22 12:00:00,Crédito Pessoal
10549,2025-12-16 11:00:00,Antecipação Saque Aniversário
10550,2025-11-14 14:00:00,Consignado
10551,2025-04-05 16:00:00,Crédito Pessoal
10552,2025-11-07 09:00:00,Crédito Pessoal
10553,2025-09-04 11:00:00,CDC
10554,2025-08-31 15:00:00,Crédito Pessoal
10555,2025-02-09 13:00:00,Antecipação Saque Aniversário
10556,2025-02-05 16:00:00,CDC
10557,2025-08-11 14:00:00,Consignado
10558,2025-11-18 12:00:00,CDC
10559,2025-08-08 11:00:00,Antecipação Saque Aniversário
10560,2025-01-04 15:00:00,Antecipação Saque Aniversário
10561,2025-05-14 14:00:00,CDC
10562,2025-04-04 16:00:00,Consignado
10563,2025-03-03 09:00:00,CDC
10564,2025-07-13 15:00:00,Consignado
10565,2025-07-22 16:00:00,CDC
10566,2025-01-26 11:00:00,Antecipação Saque Aniversário
10567,2025-06-22 12:00:00,Crédito Pessoal
10568,2025-05-13 14:00:00,Crédito Pessoal
10569,2025-04-28 12:00:00,Consignado
10570,2025-10-02 12:00:00,Consignado
10571,2025-08-13 12:00:00,Consignado
10572,2025-04-23 12:00:00,Antecipação Saque Aniversário
10574,2025-03-31 14:00:00,Antecipação Saque Aniversário
10575,2025-11-16 14:00:00,Crédito Pessoal
10576,2025-10-20 14:00:00,Consignado
10577,2025-05-19 15:00:00,CDC
10579,2025-09-16 09:00:00,Crédito Pessoal
10580,2025-06-27 16:00:00,Crédito Pessoal
10581,2025-01-10 13:00:00,Antecipação Saque Aniversário
10582,2025-05-18 12:00:00,Consignado
10583,2025-01-13 16:00:00,Crédito Pessoal
10584,2025-05-10 12:00:00,Consignado
10585,2025-11-17 15:00:00,Antecipação Saque Aniversário
10586,2025-04-11 09:00:00,Crédito Pessoal
10587,2025-09-30 09:00:00,Antecipação Saque Aniversário
10588,2025-02-07 15:00:00,Antecipação Saque Aniversário
10589,2025-04-04 15:00:00,Consignado
10590,2025-11-01 13:00:00,Crédito Pessoal
10591,2025-11-14 12:00:00,Antecipação Saque Aniversário
10592,2025-08-24 10:00:00,Crédito Pessoal
10593,2025-11-30 13:00:00,Consignado
10594,2025-05-17 10:00:00,Antecipação Saque Aniversário
10595,2025-03-17 11:00:00,Consignado
10596,2025-02-04 09:00:00,Crédito Pessoal
10597,2025-10-23 16:00:00,Crédito Pessoal
10598,2025-03-01 16:00:00,Consignado
10599,2025-12-15 16:00:00,CDC
10600,2025-09-24 09:00:00,Antecipação Saque Aniversário
10601,2025-08-17 14:00:00,Crédito Pessoal
10602,2025-11-12 14:00:00,Crédito Pessoal
10603,2025-10-18 13:00:00,Antecipação Saque Aniversário
10604,2025-06-14 13:00:00,Consignado
10605,2025-12-05 11:00:00,Consignado
10606,2025-03-19 10:00:00,Consignado
10607,2025-03-03 12:00:00,CDC
10608,2025-03-30 13:00:00,CDC
10609,2025-02-11 09:00:00,Crédito Pessoal
10610,2025-10-23 16:00:00,Consignado
10612,2025-01-14 16:00:00,Crédito Pessoal
10613,2025-06-28 13:00:00,Antecipação Saque Aniversário
10614,2025-12-19 15:00:00,Crédito Pessoal
10615,2025-03-04 15:00:00,CDC
10616,2025-06-02 09:00:00,Crédito Pessoal
10617,2025-08-13 15:00:00,CDC
10618,2025-11-05 16:00:00,Crédito Pessoal
10619,2025-04-14 11:00:00,Consignado
10620,2025-02-08 11:00:00,Antecipação Saque Aniversário
10621,2025-07-17 14:00:00,Consignado
10622,2025-03-08 15:00:00,Crédito Pessoal
10623,2025-06-28 16:00:00,Crédito Pessoal
10624,2025-02-11 16:00:00,Crédito Pessoal
10625,2025-01-15 15:00:00,CDC
10626,2025-06-06 09:00:00,Antecipação Saque Aniversário
10627,2025-08-19 11:00:00,Antecipação Saque Aniversário
10628,2025-06-06 14:00:00,Crédito Pessoal
10629,2025-04-07 13:00:00,Crédito Pessoal
10630,2025-10-16 14:00:00,CDC
10632,2025-11-18 10:00:00,Consignado
10633,2025-01-05 11:00:00,Antecipação Saque Aniversário
10634,2025-11-26 09:00:00,CDC
10635,2025-04-28 14:00:00,Crédito Pessoal
10636,2025-06-08 15:00:00,Antecipação Saque Aniversário
10637,2025-08-16 13:00:00,CDC
10638,2025-08-04 12:00:00,Consignado
10639,2025-07-03 15:00:00,CDC
10640,2025-06-06 16:00:00,Consignado
10641,2025-09-18 13:00:00,CDC
10642,2025-02-16 12:00:00,Antecipação Saque Aniversário
10643,2025-11-28 13:00:00,Consignado
10644,2025-05-10 11:00:00,Antecipação Saque Aniversário
10645,2025-04-05 11:00:00,Antecipação Saque Aniversário
10646,2025-08-31 12:00:00,Consignado
10647,2025-10-19 10:00:00,Consignado
10648,2025-10-26 11:00:00,Crédito Pessoal
10649,2025-03-10 12:00:00,Crédito Pessoal
10650,2025-01-11 14:00:00,Crédito Pessoal
10651,2025-11-26 16:00:00,Antecipação Saque Aniversário
10652,2025-02-07 14:00:00,Antecipação Saque Aniversário
10653,2025-07-19 15:00:00,Crédito Pessoal
10654,2025-10-30 10:00:00,Antecipação Saque Aniversário
10655,2025-10-29 11:00:00,Antecipação Saque Aniversário
10656,2025-08-06 13:00:00,Consignado
10657,2025-04-14 14:00:00,Consignado
10658,2025-07-29 09:00:00,Antecipação Saque Aniversário
10659,2025-04-21 16:00:00,Crédito Pessoal
10660,2025-11-12 11:00:00,CDC
10661,2025-12-22 16:00:00,Crédito Pessoal
10662,2025-11-20 13:00:00,CDC
10663,2025-10-20 16:00:00,Crédito Pessoal
10665,2025-04-02 15:00:00,Antecipação Saque Aniversário
10666,2025-02-20 13:00:00,Antecipação Saque Aniversário
10667,2025-10-23 09:00:00,Consignado
10668,2025-08-02 11:00:00,CDC
10669,2025-09-14 14:00:00,CDC
10670,2025-04-11 13:00:00,CDC
10671,2025-12-12 14:00:00,Consignado
10672,2025-07-01 15:00:00,CDC
10673,2025-11-09 09:00:00,Consignado
10674,2025-11-15 14:00:00,Crédito Pessoal
10675,2025-02-24 11:00:00,Crédito Pessoal
10676,2025-05-29 15:00:00,Consignado
10677,2025-11-05 09:00:00,Antecipação Saque Aniversário
10678,2025-07-21 12:00:00,Crédito Pessoal
10679,2025-11-09 13:00:00,CDC
10680,2025-06-03 09:00:00,Consignado
10681,2025-10-18 15:00:00,CDC
10682,2025-09-01 09:00:00,CDC
10683,2025-03-31 11:00:00,Antecipação Saque Aniversário
10684,2025-10-21 10:00:00,CDC
10685,2025-07-29 11:00:00,Antecipação Saque Aniversário
10686,2025-12-13 09:00:00,Crédito Pessoal
10687,2025-05-08 11:00:00,Consignado
10688,2025-12-30 11:00:00,CDC
10689,2025-06-28 14:00:00,Consignado
10690,2025-06-01 09:00:00,CDC
10691,2025-06-29 14:00:00,Consignado
10692,2025-12-10 09:00:00,CDC
10693,2025-06-26 13:00:00,CDC
10694,2025-03-04 11:00:00,CDC
10695,2025-05-30 10:00:00,CDC
10696,2025-06-05 10:00:00,CDC
10697,2025-02-18 15:00:00,CDC
10698,2025-12-03 12:00:00,CDC
10699,2025-12-27 09:00:00,CDC
10700,2025-05-28 14:00:00,CDC
10701,2025-12-08 12:00:00,Consignado
10702,2025-03-04 13:00:00,Antecipação Saque Aniversário
10703,2025-12-26 09:00:00,CDC
10704,2025-11-23 09:00:00,Antecipação Saque Aniversário
10705,2025-08-12 13:00:00,CDC
10706,2025-08-03 11:00:00,CDC
10707,2025-07-30 14:00:00,Consignado
10708,2025-02-01 14:00:00,Crédito Pessoal
10709,2025-10-12 09:00:00,Crédito Pessoal
10710,2025-10-13 16:00:00,Consignado
10711,2025-01-19 10:00:00,Antecipação Saque Aniversário
10713,2025-06-24 10:00:00,Consignado
10715,2025-04-23 10:00:00,Crédito Pessoal
10716,2025-08-10 14:00:00,Antecipação Saque Aniversário
10717,2025-11-15 12:00:00,Consignado
10718,2025-09-21 13:00:00,CDC
10719,2025-02-24 15:00:00,Antecipação Saque Aniversário
10720,2025-05-11 16:00:00,Antecipação Saque Aniversário
10721,2025-09-23 10:00:00,Crédito Pessoal
10722,2025-06-11 12:00:00,Crédito Pessoal
10723,2025-03-28 15:00:00,CDC
10724,2025-10-15 10:00:00,Consignado
10725,2025-12-15 16:00:00,Crédito Pessoal
10726,2025-11-17 09:00:00,Crédito Pessoal
10727,2025-09-04 11:00:00,Antecipação Saque Aniversário
10728,2025-09-12 13:00:00,Crédito Pessoal
10729,2025-11-24 14:00:00,Crédito Pessoal
10730,2025-09-06 15:00:00,Crédito Pessoal
10731,2025-08-17 11:00:00,Crédito Pessoal
10732,2025-02-20 09:00:00,Antecipação Saque Aniversário
10733,2025-04-02 15:00:00,CDC
10734,2025-09-21 10:00:00,CDC
10735,2025-10-18 16:00:00,Consignado
10736,2025-03-29 14:00:00,Crédito Pessoal
10737,2025-10-15 16:00:00,Antecipação Saque Aniversário
10738,2025-10-29 11:00:00,Consignado
10739,2025-06-14 14:00:00,Consignado
10740,2025-08-11 15:00:00,CDC
10741,2025-01-07 10:00:00,Antecipação Saque Aniversário
10742,2025-09-20 09:00:00,Antecipação Saque Aniversário
10743,2025-05-31 13:00:00,Antecipação Saque Aniversário
10744,2025-05-27 16:00:00,CDC
10746,2025-07-07 10:00:00,CDC
10747,2025-01-02 09:00:00,CDC
10748,2025-10-30 13:00:00,CDC
10749,2025-01-11 10:00:00,Crédito Pessoal
10750,2025-07-14 15:00:00,Crédito Pessoal
10751,2025-04-29 12:00:00,Antecipação Saque Aniversário
10752,2025-01-20 13:00:00,Consignado
10753,2025-10-20 14:00:00,Antecipação Saque Aniversário
10754,2025-09-13 14:00:00,Consignado
10756,2025-12-21 12:00:00,Consignado
10757,2025-12-08 12:00:00,Antecipação Saque Aniversário
10758,2025-10-07 09:00:00,Antecipação Saque Aniversário
10759,2025-07-21 14:00:00,Consignado
10760,2025-04-30 11:00:00,Crédito Pessoal
10761,2025-08-03 16:00:00,CDC
10762,2025-08-12 09:00:00,CDC
10763,2025-04-25 09:00:00,Antecipação Saque Aniversário
10764,2025-01-14 09:00:00,Crédito Pessoal
10765,2025-02-09 10:00:00,Consignado
10766,2025-08-25 09:00:00,CDC
10767,2025-12-25 09:00:00,Crédito Pessoal
10768,2025-09-03 14:00:00,CDC
10769,2025-08-23 14:00:00,Crédito Pessoal
10770,2025-01-04 10:00:00,Crédito Pessoal
10771,2025-01-29 13:00:00,Antecipação Saque Aniversário
10772,2025-04-08 15:00:00,CDC
10773,2025-10-20 11:00:00,Consignado
10774,2025-11-22 10:00:00,Antecipação Saque Aniversário
10775,2025-05-08 13:00:00,Antecipação Saque Aniversário
10776,2025-02-11 12:00:00,Consignado
10777,2025-02-10 14:00:00,Antecipação Saque Aniversário
10778,2025-02-03 09:00:00,Crédito Pessoal
10779,2025-06-14 09:00:00,Crédito Pessoal
10780,2025-03-17 15:00:00,CDC
10781,2025-04-27 10:00:00,CDC
10782,2025-12-08 13:00:00,Consignado
10783,2025-01-27 09:00:00,CDC
10784,2025-10-14 14:00:00,Crédito Pessoal
10785,2025-08-07 16:00:00,Consignado
10786,2025-04-08 12:00:00,Consignado
10787,2025-08-25 09:00:00,CDC
10788,2025-11-05 15:00:00,Crédito Pessoal
10789,2025-06-22 09:00:00,Consignado
10790,2025-07-09 10:00:00,Crédito Pessoal
10791,2025-02-15 16:00:00,Crédito Pessoal
10792,2025-05-10 12:00:00,Crédito Pessoal
10793,2025-11-06 11:00:00,CDC
10794,2025-07-12 11:00:00,Antecipação Saque Aniversário
10795,2025-06-30 12:00:00,Antecipação Saque Aniversário
10796,2025-10-09 13:00:00,Consignado
10797,2025-05-29 11:00:00,Crédito Pessoal
10798,2025-10-23 11:00:00,CDC
10799,2025-06-13 09:00:00,Crédito Pessoal
10800,2025-07-06 15:00:00,Crédito Pessoal
10801,2025-08-20 11:00:00,CDC
10802,2025-11-06 10:00:00,Antecipação Saque Aniversário
10803,2025-02-24 15:00:00,Crédito Pessoal
10804,2025-06-01 14:00:00,Crédito Pessoal
10805,2025-03-10 16:00:00,Antecipação Saque Aniversário
10806,2025-10-16 10:00:00,CDC
10807,2025-02-05 15:00:00,Consignado
10808,2025-05-28 11:00:00,Antecipação Saque Aniversário
10809,2025-08-15 12:00:00,Consignado
10810,2025-12-03 14:00:00,Consignado
10811,2025-12-31 11:00:00,Antecipação Saque Aniversário
10813,2025-03-14 09:00:00,Consignado
10814,2025-10-23 09:00:00,Consignado
10815,2025-05-09 09:00:00,CDC
10816,2025-03-02 11:00:00,Crédito Pessoal
10817,2025-04-14 10:00:00,Consignado
10818,2025-01-25 15:00:00,CDC
10819,2025-10-18 11:00:00,Crédito Pessoal
10820,2025-08-17 12:00:00,Antecipação Saque Aniversário
10821,2025-06-21 11:00:00,Antecipação Saque Aniversário
10822,2025-04-12 10:00:00,CDC
10823,2025-01-12 11:00:00,Antecipação Saque Aniversário
10824,2025-04-11 12:00:00,Consignado
10825,2025-11-01 13:00:00,Crédito Pessoal
10826,2025-01-17 10:00:00,Consignado
10827,2025-02-26 15:00:00,Consignado
10828,2025-10-30 12:00:00,Antecipação Saque Aniversário
10829,2025-11-14 16:00:00,Consignado
10830,2025-08-04 11:00:00,Antecipação Saque Aniversário
10832,2025-05-29 09:00:00,Crédito Pessoal
10833,2025-08-03 13:00:00,Consignado
10834,2025-07-17 16:00:00,CDC
10836,2025-03-30 12:00:00,Antecipação Saque Aniversário
10837,2025-05-23 11:00:00,Consignado
10838,2025-12-31 10:00:00,Antecipação Saque Aniversário
10839,2025-02-16 16:00:00,Antecipação Saque Aniversário
10840,2025-09-23 16:00:00,CDC
10841,2025-07-18 09:00:00,CDC
10842,2025-10-09 13:00:00,Consignado
10843,2025-03-27 10:00:00,CDC
10844,2025-09-27 15:00:00,Consignado
10845,2025-04-27 15:00:00,Crédito Pessoal
10846,2025-05-17 11:00:00,Consignado
10847,2025-06-25 16:00:00,Crédito Pessoal
10848,2025-11-11 15:00:00,Consignado
10849,2025-03-23 15:00:00,Antecipação Saque Aniversário
10850,2025-04-13 09:00:00,CDC
10851,2025-01-14 15:00:00,Crédito Pessoal
10853,2025-04-18 12:00:00,CDC
10854,2025-10-28 10:00:00,Consignado
10855,2025-05-11 13:00:00,CDC
10856,2025-06-20 16:00:00,CDC
10857,2025-07-02 15:00:00,Consignado
10859,2025-01-15 16:00:00,Crédito Pessoal
10861,2025-07-29 09:00:00,CDC
10862,2025-01-16 13:00:00,Antecipação Saque Aniversário
10863,2025-04-18 14:00:00,Antecipação Saque Aniversário
10864,2025-11-07 11:00:00,Consignado
10867,2025-09-26 13:00:00,CDC
10868,2025-10-01 16:00:00,Consignado
10869,2025-04-06 11:00:00,Consignado
10870,2025-02-08 14:00:00,CDC
10871,2025-01-29 14:00:00,CDC
10872,2025-11-14 13:00:00,Crédito Pessoal
10873,2025-08-24 09:00:00,Consignado
10874,2025-09-29 16:00:00,Consignado
10875,2025-08-24 15:00:00,Consignado
10876,2025-09-23 14:00:00,Crédito Pessoal
10877,2025-12-25 12:00:00,Consignado
10878,2025-03-06 14:00:00,Crédito Pessoal
10879,2025-06-26 11:00:00,Antecipação Saque Aniversário
10880,2025-05-22 16:00:00,Crédito Pessoal
10881,2025-06-07 10:00:00,Antecipação Saque Aniversário
10882,2025-11-20 10:00:00,Consignado
10883,2025-10-20 09:00:00,Antecipação Saque Aniversário
10884,2025-07-12 13:00:00,Crédito Pessoal
10885,2025-03-14 15:00:00,CDC
10886,2025-11-01 09:00:00,Antecipação Saque Aniversário
10887,2025-12-10 12:00:00,Antecipação Saque Aniversário
10888,2025-05-20 11:00:00,Consignado
10889,2025-10-20 13:00:00,Crédito Pessoal
10890,2025-07-17 15:00:00,Antecipação Saque Aniversário
10891,2025-11-15 14:00:00,Antecipação Saque Aniversário
10892,2025-12-10 11:00:00,Antecipação Saque Aniversário
10893,2025-03-03 13:00:00,Antecipação Saque Aniversário
10894,2025-08-14 09:00:00,CDC
10895,2025-07-18 12:00:00,Crédito Pessoal
10896,2025-09-17 11:00:00,Consignado
10897,2025-03-13 12:00:00,Consignado
10898,2025-12-15 15:00:00,CDC
10899,2025-11-06 13:00:00,Crédito Pessoal
10900,2025-08-31 13:00:00,Antecipação Saque Aniversário
10901,2025-11-26 11:00:00,CDC
10902,2025-08-14 09:00:00,Crédito Pessoal
10903,2025-08-06 09:00:00,Antecipação Saque Aniversário
10904,2025-08-29 10:00:00,CDC
10905,2025-09-16 16:00:00,Crédito Pessoal
10906,2025-09-19 13:00:00,Consignado
10907,2025-09-18 14:00:00,Consignado
10908,2025-02-16 15:00:00,Crédito Pessoal
10909,2025-06-26 09:00:00,Consignado
10910,2025-04-09 12:00:00,Crédito Pessoal
10911,2025-08-29 13:00:00,Antecipação Saque Aniversário
10912,2025-06-27 10:00:00,Crédito Pessoal
10913,2025-03-03 09:00:00,Antecipação Saque Aniversário
10914,2025-08-04 11:00:00,CDC
10915,2025-06-09 11:00:00,Crédito Pessoal
10916,2025-09-26 16:00:00,CDC
10917,2025-03-30 09:00:00,Consignado
10918,2025-03-09 14:00:00,Antecipação Saque Aniversário
10919,2025-12-23 10:00:00,Crédito Pessoal
10921,2025-11-19 11:00:00,Antecipação Saque Aniversário
10922,2025-01-29 09:00:00,Antecipação Saque Aniversário
10923,2025-07-14 09:00:00,Consignado
10924,2025-08-14 12:00:00,Consignado
10925,2025-06-19 09:00:00,Antecipação Saque Aniversário
10926,2025-02-09 09:00:00,Antecipação Saque Aniversário
10927,2025-09-18 11:00:00,Crédito Pessoal
10928,2025-08-14 16:00:00,Antecipação Saque Aniversário
10929,2025-05-04 15:00:00,Crédito Pessoal
10930,2025-02-07 16:00:00,Antecipação Saque Aniversário
10931,2025-09-08 13:00:00,Consignado
10932,2025-06-25 10:00:00,Crédito Pessoal
10933,2025-02-06 12:00:00,CDC
10934,2025-06-25 13:00:00,Consignado
10935,2025-10-11 13:00:00,Crédito Pessoal
10936,2025-03-22 10:00:00,Crédito Pessoal
10937,2025-02-09 13:00:00,CDC
10938,2025-08-12 14:00:00,Crédito Pessoal
10939,2025-12-15 11:00:00,Antecipação Saque Aniversário
10940,2025-07-05 11:00:00,CDC
10941,2025-02-25 16:00:00,Consignado
10942,2025-12-20 16:00:00,Consignado
10943,2025-12-13 13:00:00,Antecipação Saque Aniversário
10944,2025-08-25 09:00:00,Consignado
10945,2025-09-19 16:00:00,Crédito Pessoal
10947,2025-06-17 12:00:00,Antecipação Saque Aniversário
10948,2025-12-19 11:00:00,Consignado
10949,2025-02-28 16:00:00,Consignado
10950,2025-06-18 13:00:00,Antecipação Saque Aniversário
10951,2025-12-29 13:00:00,CDC
10952,2025-12-11 13:00:00,Consignado
10953,2025-06-19 12:00:00,CDC
10954,2025-07-10 11:00:00,Consignado
10955,2025-07-07 15:00:00,Consignado
10956,2025-05-13 11:00:00,Consignado
10957,2025-02-14 10:00:00,Consignado
10958,2025-09-06 11:00:00,Crédito Pessoal
10959,2025-01-31 15:00:00,CDC
10960,2025-06-09 11:00:00,CDC
10961,2025-06-07 15:00:00,Consignado
10962,2025-03-23 12:00:00,Consignado
10963,2025-09-15 14:00:00,CDC
10964,2025-03-18 13:00:00,Crédito Pessoal
10965,2025-01-12 15:00:00,Antecipação Saque Aniversário
10966,2025-08-12 13:00:00,Antecipação Saque Aniversário
10967,2025-02-15 11:00:00,CDC
10968,2025-04-23 09:00:00,Consignado
10969,2025-01-17 16:00:00,Consignado
10971,2025-07-07 16:00:00,Antecipação Saque Aniversário
10972,2025-12-10 13:00:00,Crédito Pessoal
10973,2025-06-12 16:00:00,Antecipação Saque Aniversário
10974,2025-11-22 11:00:00,CDC
10975,2025-03-15 09:00:00,Antecipação Saque Aniversário
10976,2025-08-12 10:00:00,Crédito Pessoal
10977,2025-11-15 12:00:00,Crédito Pessoal
10978,2025-03-01 15:00:00,Crédito Pessoal
10980,2025-10-05 12:00:00,Antecipação Saque Aniversário
10981,2025-12-18 12:00:00,Antecipação Saque Aniversário
10982,2025-08-30 12:00:00,Crédito Pessoal
10983,2025-08-07 16:00:00,Antecipação Saque Aniversário
10984,2025-01-17 12:00:00,Consignado
10985,2025-07-12 14:00:00,Consignado
10986,2025-04-30 11:00:00,Consignado
10987,2025-07-29 10:00:00,Antecipação Saque Aniversário
10988,2025-09-27 16:00:00,CDC
10989,2025-06-24 13:00:00,CDC
10990,2025-07-23 12:00:00,CDC
10991,2025-09-08 11:00:00,CDC
10992,2025-01-07 13:00:00,Consignado
10993,2025-02-02 14:00:00,Consignado
10995,2025-02-27 15:00:00,Antecipação Saque Aniversário
10997,2025-08-14 13:00:00,CDC
10998,2025-01-04 09:00:00,Consignado
10999,2025-04-09 13:00:00,CDC
11000,2025-02-08 15:00:00,Crédito Pessoal
11001,2025-10-12 13:00:00,Antecipação Saque Aniversário
11002,2025-03-16 12:00:00,Antecipação Saque Aniversário
11003,2025-10-15 10:00:00,CDC
11004,2025-06-24 14:00:00,Crédito Pessoal
11007,2025-12-03 14:00:00,Crédito Pessoal
11008,2025-08-24 16:00:00,CDC
11009,2025-04-02 13:00:00,Consignado
11010,2025-01-21 15:00:00,CDC
11011,2025-12-23 11:00:00,Consignado
11012,2025-03-25 14:00:00,Crédito Pessoal
11013,2025-05-27 09:00:00,Consignado
11014,2025-09-14 10:00:00,Crédito Pessoal
11015,2025-01-15 10:00:00,Antecipação Saque Aniversário
11016,2025-06-12 16:00:00,Antecipação Saque Aniversário
11017,2025-10-08 16:00:00,Antecipação Saque Aniversário
11018,2025-01-12 10:00:00,CDC
11020,2025-07-27 11:00:00,Crédito Pessoal
11021,2025-03-13 12:00:00,Antecipação Saque Aniversário
11022,2025-05-25 13:00:00,CDC
11023,2025-11-05 16:00:00,Antecipação Saque Aniversário
11024,2025-03-20 11:00:00,CDC
11025,2025-06-23 10:00:00,Consignado
11026,2025-07-18 11:00:00,Consignado
11027,2025-12-15 16:00:00,Antecipação Saque Aniversário
11028,2025-06-30 16:00:00,Crédito Pessoal
11029,2025-11-12 10:00:00,CDC
11030,2025-02-15 15:00:00,CDC
11031,2025-06-02 14:00:00,Consignado
11032,2025-07-25 15:00:00,Consignado
11033,2025-09-30 14:00:00,Crédito Pessoal
11034,2025-08-24 12:00:00,Crédito Pessoal
11035,2025-08-16 09:00:00,Crédito Pessoal
11036,2025-06-15 16:00:00,Antecipação Saque Aniversário
11037,2025-11-15 14:00:00,Consignado
11038,2025-04-27 10:00:00,Antecipação Saque Aniversário
11039,2025-12-10 16:00:00,Consignado
11040,2025-03-05 13:00:00,Consignado
11041,2025-07-28 16:00:00,CDC
11043,2025-11-16 10:00:00,Consignado
11044,2025-04-05 14:00:00,Antecipação Saque Aniversário
11045,2025-02-01 11:00:00,Consignado
11046,2025-10-28 09:00:00,Antecipação Saque Aniversário
11047,2025-10-16 12:00:00,Crédito Pessoal
11048,2025-04-12 09:00:00,Consignado
11049,2025-09-24 14:00:00,Consignado
11050,2025-06-28 16:00:00,Antecipação Saque Aniversário
11051,2025-02-10 09:00:00,Crédito Pessoal
11052,2025-03-17 09:00:00,CDC
11053,2025-02-15 16:00:00,Crédito Pessoal
11054,2025-03-21 14:00:00,Antecipação Saque Aniversário
11055,2025-03-27 12:00:00,Crédito Pessoal
11056,2025-05-28 09:00:00,Antecipação Saque Aniversário
11057,2025-07-21 16:00:00,Antecipação Saque Aniversário
11058,2025-08-30 12:00:00,CDC
11059,2025-12-19 10:00:00,Consignado
11060,2025-08-13 09:00:00,Antecipação Saque Aniversário
11061,2025-08-21 13:00:00,Antecipação Saque Aniversário
11062,2025-03-18 12:00:00,CDC
11063,2025-06-03 14:00:00,Antecipação Saque Aniversário
11064,2025-04-13 10:00:00,Consignado
11065,2025-06-15 15:00:00,CDC
11066,2025-03-31 14:00:00,Consignado
11067,2025-05-02 10:00:00,Consignado
11068,2025-05-23 10:00:00,CDC
11069,2025-04-16 15:00:00,Antecipação Saque Aniversário
11070,2025-11-01 16:00:00,Consignado
11071,2025-11-13 11:00:00,Consignado
11072,2025-05-03 14:00:00,Consignado
11073,2025-01-09 14:00:00,Consignado
11074,2025-03-14 15:00:00,CDC
11075,2025-08-11 16:00:00,CDC
11076,2025-02-10 10:00:00,Crédito Pessoal
11077,2025-07-23 16:00:00,Crédito Pessoal
11078,2025-11-24 10:00:00,Consignado
11079,2025-12-14 14:00:00,Antecipação Saque Aniversário
11080,2025-03-25 14:00:00,Consignado
11081,2025-04-21 11:00:00,Antecipação Saque Aniversário
11082,2025-01-07 11:00:00,Consignado
11083,2025-03-25 16:00:00,Crédito Pessoal
11085,2025-01-03 15:00:00,Antecipação Saque Aniversário
11086,2025-10-24 12:00:00,Consignado
11087,2025-12-28 14:00:00,Antecipação Saque Aniversário
11088,2025-01-12 15:00:00,Crédito Pessoal
11089,2025-01-12 13:00:00,Consignado
11090,2025-01-25 13:00:00,Consignado
11091,2025-08-31 10:00:00,Antecipação Saque Aniversário
11092,2025-05-27 15:00:00,CDC
11093,2025-08-26 12:00:00,Antecipação Saque Aniversário
11094,2025-06-22 16:00:00,Crédito Pessoal
11095,2025-08-09 15:00:00,Crédito Pessoal
11096,2025-11-05 15:00:00,Crédito Pessoal
11097,2025-10-15 11:00:00,Crédito Pessoal
11098,2025-10-27 10:00:00,Crédito Pessoal
11099,2025-07-30 14:00:00,CDC
11100,2025-02-06 16:00:00,Consignado
11101,2025-11-08 09:00:00,Antecipação Saque Aniversário
11102,2025-02-28 11:00:00,Antecipação Saque Aniversário
11103,2025-07-21 11:00:00,Crédito Pessoal
11104,2025-02-04 13:00:00,Antecipação Saque Aniversário
11105,2025-04-03 14:00:00,Crédito Pessoal
11106,2025-07-26 09:00:00,CDC
11107,2025-11-28 09:00:00,CDC
11108,2025-12-16 13:00:00,Consignado
11109,2025-06-08 10:00:00,CDC
11110,2025-01-24 12:00:00,CDC
11111,2025-10-20 12:00:00,Consignado
11112,2025-08-08 12:00:00,Antecipação Saque Aniversário
11113,2025-01-20 12:00:00,Crédito Pessoal
11114,2025-06-01 10:00:00,Crédito Pessoal
11115,2025-06-26 11:00:00,Antecipação Saque Aniversário
11116,2025-04-06 09:00:00,Consignado
11117,2025-09-07 13:00:00,Antecipação Saque Aniversário
11118,2025-12-20 16:00:00,CDC
11119,2025-08-16 10:00:00,Consignado
11120,2025-12-01 10:00:00,Consignado
11121,2025-09-19 15:00:00,Consignado
11122,2025-08-31 11:00:00,Crédito Pessoal
11123,2025-07-05 14:00:00,Antecipação Saque Aniversário
11124,2025-05-05 12:00:00,Consignado
11125,2025-05-11 13:00:00,Consignado
11126,2025-01-18 16:00:00,Consignado
11127,2025-01-21 15:00:00,Antecipação Saque Aniversário
11128,2025-08-13 11:00:00,Crédito Pessoal
11129,2025-10-09 16:00:00,CDC
11130,2025-04-10 16:00:00,Crédito Pessoal
11131,2025-03-28 10:00:00,Consignado
11132,2025-01-14 14:00:00,Crédito Pessoal
11133,2025-01-02 15:00:00,Crédito Pessoal
11134,2025-10-20 13:00:00,CDC
11135,2025-02-10 14:00:00,Antecipação Saque Aniversário
11136,2025-11-12 13:00:00,Antecipação Saque Aniversário
11137,2025-04-21 14:00:00,Crédito Pessoal
11138,2025-08-19 09:00:00,Crédito Pessoal
11139,2025-03-25 10:00:00,Antecipação Saque Aniversário
11140,2025-08-19 14:00:00,Antecipação Saque Aniversário
11141,2025-05-25 11:00:00,CDC
11142,2025-12-11 09:00:00,Consignado
11143,2025-01-28 10:00:00,Crédito Pessoal
11144,2025-06-12 13:00:00,Antecipação Saque Aniversário
11146,2025-06-13 13:00:00,Crédito Pessoal
11147,2025-10-30 15:00:00,Antecipação Saque Aniversário
11148,2025-01-10 11:00:00,CDC
11149,2025-04-28 14:00:00,Crédito Pessoal
11150,2025-03-21 10:00:00,CDC
11151,2025-04-03 10:00:00,Antecipação Saque Aniversário
11152,2025-11-28 14:00:00,Consignado
11153,2025-12-27 09:00:00,Consignado
11154,2025-05-13 12:00:00,Crédito Pessoal
11155,2025-09-21 11:00:00,Antecipação Saque Aniversário
11156,2025-01-01 09:00:00,CDC
11157,2025-03-05 14:00:00,Crédito Pessoal
11158,2025-10-11 09:00:00,Antecipação Saque Aniversário
11159,2025-04-17 13:00:00,Antecipação Saque Aniversário
11160,2025-06-24 13:00:00,CDC
11161,2025-07-23 13:00:00,Crédito Pessoal
11162,2025-11-01 09:00:00,Antecipação Saque Aniversário
11163,2025-04-30 12:00:00,Antecipação Saque Aniversário
11164,2025-11-08 12:00:00,Antecipação Saque Aniversário
11165,2025-07-26 14:00:00,CDC
11166,2025-04-18 11:00:00,Crédito Pessoal
11167,2025-11-30 10:00:00,Crédito Pessoal
11168,2025-10-20 12:00:00,Crédito Pessoal
11169,2025-10-09 13:00:00,Crédito Pessoal
11170,2025-01-01 15:00:00,Consignado
11171,2025-02-04 14:00:00,Consignado
11172,2025-09-02 11:00:00,Crédito Pessoal
11173,2025-11-21 09:00:00,CDC
11175,2025-01-12 10:00:00,Antecipação Saque Aniversário
11176,2025-10-03 13:00:00,Consignado
11177,2025-08-30 16:00:00,Antecipação Saque Aniversário
11178,2025-09-08 11:00:00,Crédito Pessoal
11179,2025-05-06 10:00:00,Consignado
11180,2025-08-05 10:00:00,CDC
11181,2025-10-12 09:00:00,Consignado
11182,2025-02-08 15:00:00,Consignado
11183,2025-07-03 15:00:00,Consignado
11184,2025-06-27 15:00:00,Crédito Pessoal
11185,2025-10-21 12:00:00,CDC
11186,2025-05-31 16:00:00,Consignado
11187,2025-05-06 13:00:00,CDC
11188,2025-11-04 16:00:00,Crédito Pessoal
11189,2025-08-22 12:00:00,Antecipação Saque Aniversário
11190,2025-01-08 10:00:00,Consignado
11191,2025-12-07 09:00:00,CDC
11192,2025-09-21 13:00:00,CDC
11193,2025-12-18 14:00:00,Crédito Pessoal
11194,2025-01-05 15:00:00,Consignado
11195,2025-03-27 15:00:00,Antecipação Saque Aniversário
11196,2025-10-17 09:00:00,CDC
11197,2025-11-07 15:00:00,Consignado
11198,2025-08-06 11:00:00,Antecipação Saque Aniversário
11199,2025-04-24 10:00:00,CDC
11200,2025-05-25 10:00:00,CDC
11201,2025-05-16 15:00:00,Antecipação Saque Aniversário
11202,2025-08-20 09:00:00,Antecipação Saque Aniversário
11203,2025-03-17 11:00:00,Crédito Pessoal
11204,2025-11-24 09:00:00,Consignado
11205,2025-10-29 12:00:00,Consignado
11206,2025-10-16 09:00:00,Crédito Pessoal
11207,2025-05-27 15:00:00,CDC
11208,2025-05-22 13:00:00,Antecipação Saque Aniversário
11209,2025-10-31 13:00:00,Antecipação Saque Aniversário
11210,2025-12-27 10:00:00,Antecipação Saque Aniversário
11211,2025-08-08 10:00:00,CDC
11212,2025-07-11 14:00:00,Antecipação Saque Aniversário
11213,2025-03-04 09:00:00,Antecipação Saque Aniversário
11214,2025-06-10 09:00:00,Crédito Pessoal
11215,2025-03-30 16:00:00,CDC
11216,2025-09-26 09:00:00,Consignado
11217,2025-09-02 13:00:00,Crédito Pessoal
11218,2025-06-08 09:00:00,Crédito Pessoal
11219,2025-11-20 10:00:00,Consignado
11220,2025-04-12 14:00:00,Crédito Pessoal
11221,2025-05-12 14:00:00,CDC
11222,2025-01-19 14:00:00,Antecipação Saque Aniversário
11223,2025-03-23 13:00:00,CDC
11224,2025-10-06 11:00:00,Consignado
11225,2025-12-31 11:00:00,Consignado
11226,2025-05-09 16:00:00,Crédito Pessoal
11227,2025-11-06 15:00:00,CDC
11228,2025-03-30 13:00:00,CDC
11229,2025-05-23 09:00:00,Consignado
11230,2025-03-17 10:00:00,CDC
11231,2025-07-18 15:00:00,Consignado
11232,2025-11-12 13:00:00,CDC
11233,2025-11-01 16:00:00,CDC
11234,2025-10-18 12:00:00,CDC
11235,2025-04-12 10:00:00,Consignado
11236,2025-09-24 11:00:00,Crédito Pessoal
11237,2025-04-20 14:00:00,CDC
11238,2025-11-26 10:00:00,Consignado
11239,2025-09-22 11:00:00,Consignado
11240,2025-03-26 10:00:00,CDC
11241,2025-11-24 16:00:00,CDC
11242,2025-04-27 13:00:00,Crédito Pessoal
11243,2025-06-03 09:00:00,Consignado
11244,2025-01-12 13:00:00,Consignado
11245,2025-10-31 13:00:00,Antecipação Saque Aniversário
11246,2025-10-27 12:00:00,Consignado
11247,2025-09-28 11:00:00,Crédito Pessoal
11248,2025-12-09 14:00:00,Antecipação Saque Aniversário
11249,2025-10-29 10:00:00,Antecipação Saque Aniversário
11250,2025-12-30 11:00:00,Antecipação Saque Aniversário
11251,2025-01-21 15:00:00,CDC
11252,2025-04-17 15:00:00,CDC
11253,2025-12-02 15:00:00,Consignado
11254,2025-04-27 12:00:00,Antecipação Saque Aniversário
11255,2025-10-08 12:00:00,Crédito Pessoal
11256,2025-07-22 11:00:00,CDC
11257,2025-09-28 12:00:00,Crédito Pessoal
11258,2025-10-04 13:00:00,Crédito Pessoal
11259,2025-10-02 10:00:00,CDC
11260,2025-11-30 13:00:00,CDC
11261,2025-02-21 14:00:00,CDC
11262,2025-01-27 13:00:00,CDC
11263,2025-08-27 12:00:00,Antecipação Saque Aniversário
11264,2025-10-18 16:00:00,Antecipação Saque Aniversário
11265,2025-05-24 10:00:00,Antecipação Saque Aniversário
11267,2025-01-02 09:00:00,Consignado
11268,2025-03-18 12:00:00,Antecipação Saque Aniversário
11269,2025-03-31 09:00:00,CDC
11270,2025-12-16 11:00:00,Crédito Pessoal
11271,2025-09-20 15:00:00,Antecipação Saque Aniversário
11272,2025-04-18 10:00:00,Consignado
11273,2025-02-08 13:00:00,CDC
11274,2025-06-08 15:00:00,Crédito Pessoal
11275,2025-11-08 09:00:00,Crédito Pessoal
11276,2025-10-25 16:00:00,Antecipação Saque Aniversário
11277,2025-02-05 12:00:00,Crédito Pessoal
11278,2025-09-20 14:00:00,Antecipação Saque Aniversário
11279,2025-06-21 16:00:00,Antecipação Saque Aniversário
11280,2025-06-22 10:00:00,CDC
11281,2025-02-16 11:00:00,CDC
11282,2025-05-21 15:00:00,Consignado
11283,2025-04-28 13:00:00,CDC
11284,2025-08-02 12:00:00,CDC
11285,2025-01-26 09:00:00,Antecipação Saque Aniversário
11286,2025-09-28 10:00:00,CDC
11287,2025-05-01 13:00:00,Antecipação Saque Aniversário
11288,2025-06-19 16:00:00,Antecipação Saque Aniversário
11289,2025-06-01 16:00:00,CDC
11290,2025-02-18 10:00:00,Consignado
11291,2025-12-13 13:00:00,Consignado
11292,2025-03-09 10:00:00,Crédito Pessoal
11293,2025-06-01 11:00:00,Crédito Pessoal
11294,2025-04-10 12:00:00,CDC
11295,2025-06-16 10:00:00,Consignado
11296,2025-12-11 10:00:00,Antecipação Saque Aniversário
11297,2025-06-13 10:00:00,Crédito Pessoal
11298,2025-08-30 13:00:00,Antecipação Saque Aniversário
11299,2025-06-24 09:00:00,Crédito Pessoal
11301,2025-06-10 15:00:00,Consignado
11302,2025-05-29 09:00:00,Crédito Pessoal
11304,2025-10-20 15:00:00,Antecipação Saque Aniversário
11305,2025-06-09 11:00:00,CDC
11306,2025-05-18 09:00:00,Consignado
11307,2025-03-19 13:00:00,CDC
11308,2025-09-11 09:00:00,Consignado
11309,2025-09-15 16:00:00,Antecipação Saque Aniversário
11310,2025-10-18 15:00:00,Antecipação Saque Aniversário
11311,2025-03-26 10:00:00,CDC
11312,2025-11-19 10:00:00,Antecipação Saque Aniversário
11313,2025-05-05 15:00:00,Crédito Pessoal
11314,2025-08-29 11:00:00,Consignado
11315,2025-10-07 12:00:00,Antecipação Saque Aniversário
11316,2025-10-29 11:00:00,Crédito Pessoal
11317,2025-03-09 10:00:00,CDC
11318,2025-04-12 10:00:00,Crédito Pessoal
11319,2025-10-15 15:00:00,CDC
11320,2025-04-19 14:00:00,CDC
11321,2025-02-05 16:00:00,Consignado
11322,2025-08-17 09:00:00,Consignado
11323,2025-06-13 11:00:00,Crédito Pessoal
11324,2025-03-14 16:00:00,Consignado
11325,2025-12-19 11:00:00,Consignado
11326,2025-03-11 09:00:00,Consignado
11327,2025-07-15 13:00:00,Crédito Pessoal
11328,2025-02-18 12:00:00,Antecipação Saque Aniversário
11329,2025-05-10 12:00:00,Consignado
11330,2025-01-05 12:00:00,Consignado
11331,2025-01-27 16:00:00,Crédito Pessoal
11332,2025-05-29 16:00:00,Antecipação Saque Aniversário
11333,2025-08-18 16:00:00,Consignado
11334,2025-02-19 11:00:00,CDC
11335,2025-10-27 13:00:00,Crédito Pessoal
11336,2025-02-27 11:00:00,Consignado
11337,2025-12-08 14:00:00,Consignado
11338,2025-05-10 15:00:00,CDC
11339,2025-06-21 10:00:00,CDC
11340,2025-04-12 09:00:00,Crédito Pessoal
11341,2025-10-18 10:00:00,Crédito Pessoal
11342,2025-10-13 12:00:00,CDC
11343,2025-09-21 14:00:00,Crédito Pessoal
11344,2025-10-27 10:00:00,CDC
11345,2025-02-05 13:00:00,Consignado
11346,2025-11-29 13:00:00,CDC
11347,2025-10-14 15:00:00,CDC
11348,2025-11-07 16:00:00,Antecipação Saque Aniversário
11349,2025-04-16 14:00:00,CDC
11350,2025-06-07 09:00:00,CDC
11351,2025-02-24 16:00:00,Antecipação Saque Aniversário
11352,2025-01-12 09:00:00,Crédito Pessoal
11354,2025-01-03 16:00:00,Consignado
11356,2025-10-06 12:00:00,Consignado
11357,2025-04-25 16:00:00,Crédito Pessoal
11358,2025-04-28 13:00:00,Antecipação Saque Aniversário
11359,2025-12-26 16:00:00,Antecipação Saque Aniversário
11360,2025-12-30 09:00:00,Crédito Pessoal
11361,2025-05-01 14:00:00,Consignado
11362,2025-05-29 12:00:00,Antecipação Saque Aniversário
11363,2025-08-19 16:00:00,Consignado
11364,2025-06-10 13:00:00,Antecipação Saque Aniversário
11365,2025-09-29 12:00:00,CDC
11366,2025-02-07 12:00:00,Antecipação Saque Aniversário
11368,2025-05-22 12:00:00,Crédito Pessoal
11369,2025-05-31 10:00:00,Consignado
11370,2025-08-25 10:00:00,Antecipação Saque Aniversário
11371,2025-12-27 13:00:00,Consignado
11372,2025-09-15 11:00:00,Consignado
11373,2025-09-06 09:00:00,CDC
11374,2025-11-27 11:00:00,CDC
11375,2025-06-29 14:00:00,Crédito Pessoal
11376,2025-06-03 12:00:00,Consignado
11377,2025-11-07 14:00:00,Crédito Pessoal
11378,2025-05-23 14:00:00,Antecipação Saque Aniversário
11379,2025-11-12 13:00:00,Consignado
11380,2025-09-01 10:00:00,Consignado
11381,2025-01-12 15:00:00,Antecipação Saque Aniversário
11382,2025-02-18 10:00:00,Antecipação Saque Aniversário
11383,2025-06-15 10:00:00,Crédito Pessoal
11384,2025-10-18 14:00:00,Crédito Pessoal
11385,2025-08-04 10:00:00,Antecipação Saque Aniversário
11386,2025-06-07 14:00:00,Crédito Pessoal
11387,2025-05-14 11:00:00,Antecipação Saque Aniversário
11388,2025-12-02 15:00:00,Consignado
11389,2025-01-14 09:00:00,Consignado
11390,2025-06-12 10:00:00,CDC
11391,2025-12-13 10:00:00,Consignado
11392,2025-07-25 12:00:00,Antecipação Saque Aniversário
11393,2025-09-13 10:00:00,Crédito Pessoal
11394,2025-01-25 10:00:00,CDC
11395,2025-10-08 13:00:00,Crédito Pessoal
11396,2025-11-06 09:00:00,Antecipação Saque Aniversário
11397,2025-06-13 15:00:00,Consignado
11398,2025-09-27 09:00:00,CDC
11399,2025-04-20 16:00:00,Antecipação Saque Aniversário
11401,2025-01-25 13:00:00,CDC
11402,2025-04-27 10:00:00,Consignado
11403,2025-01-25 15:00:00,Antecipação Saque Aniversário
11404,2025-03-09 13:00:00,Crédito Pessoal
11405,2025-01-12 16:00:00,CDC
11406,2025-05-08 16:00:00,CDC
11407,2025-04-02 13:00:00,Crédito Pessoal
11409,2025-01-20 10:00:00,CDC
11410,2025-11-12 15:00:00,CDC
11411,2025-06-09 13:00:00,CDC
11412,2025-02-12 14:00:00,Antecipação Saque Aniversário
11413,2025-05-10 12:00:00,Antecipação Saque Aniversário
11414,2025-05-31 11:00:00,Crédito Pessoal
11415,2025-10-14 11:00:00,Antecipação Saque Aniversário
11416,2025-01-05 11:00:00,Antecipação Saque Aniversário
11417,2025-09-23 09:00:00,Consignado
11418,2025-05-10 14:00:00,Crédito Pessoal
11419,2025-09-24 10:00:00,CDC
11420,2025-09-10 15:00:00,Antecipação Saque Aniversário
11421,2025-02-25 15:00:00,CDC
11422,2025-03-24 09:00:00,CDC
11423,2025-04-09 13:00:00,Consignado
11424,2025-11-25 12:00:00,Antecipação Saque Aniversário
11426,2025-09-20 16:00:00,Antecipação Saque Aniversário
11427,2025-09-09 09:00:00,CDC
11428,2025-09-17 12:00:00,Crédito Pessoal
11429,2025-04-13 16:00:00,Antecipação Saque Aniversário
11430,2025-09-30 13:00:00,CDC
11431,2025-12-25 12:00:00,CDC
11432,2025-11-04 13:00:00,Consignado
11433,2025-11-04 12:00:00,Consignado
11434,2025-05-04 14:00:00,Consignado
11435,2025-08-19 10:00:00,CDC
11436,2025-03-04 13:00:00,Antecipação Saque Aniversário
11437,2025-04-26 15:00:00,Consignado
11438,2025-03-03 16:00:00,Antecipação Saque Aniversário
11439,2025-01-07 11:00:00,Consignado
11440,2025-04-02 14:00:00,Crédito Pessoal
11442,2025-08-17 13:00:00,Consignado
11443,2025-03-27 13:00:00,CDC
11444,2025-07-02 10:00:00,Consignado
11445,2025-03-03 11:00:00,Consignado
11446,2025-09-03 14:00:00,CDC
11447,2025-03-20 13:00:00,Crédito Pessoal
11448,2025-05-18 15:00:00,Antecipação Saque Aniversário
11449,2025-11-10 16:00:00,Consignado
11451,2025-08-01 10:00:00,Consignado
11452,2025-08-30 13:00:00,CDC
11453,2025-08-01 13:00:00,Antecipação Saque Aniversário
11454,2025-12-04 13:00:00,Antecipação Saque Aniversário
11455,2025-06-22 16:00:00,Crédito Pessoal
11456,2025-06-13 09:00:00,CDC
11457,2025-07-07 11:00:00,CDC
11459,2025-11-04 16:00:00,Crédito Pessoal
11460,2025-07-02 13:00:00,CDC
11461,2025-10-09 14:00:00,Crédito Pessoal
11462,2025-07-15 10:00:00,Antecipação Saque Aniversário
11463,2025-02-21 16:00:00,Consignado
11464,2025-09-09 10:00:00,Antecipação Saque Aniversário
11465,2025-08-20 11:00:00,Crédito Pessoal
11466,2025-08-21 13:00:00,CDC
11467,2025-02-11 13:00:00,CDC
11468,2025-02-11 13:00:00,Antecipação Saque Aniversário
11469,2025-04-23 09:00:00,CDC
11470,2025-07-11 09:00:00,Crédito Pessoal
11471,2025-04-30 09:00:00,Antecipação Saque Aniversário
11472,2025-05-09 10:00:00,CDC
11473,2025-03-01 16:00:00,Consignado
11474,2025-01-29 09:00:00,Consignado
11475,2025-01-10 10:00:00,Crédito Pessoal
11476,2025-11-10 16:00:00,CDC
11477,2025-08-20 13:00:00,Crédito Pessoal
11479,2025-09-04 10:00:00,Consignado
11482,2025-03-20 09:00:00,Crédito Pessoal
11483,2025-12-09 16:00:00,Crédito Pessoal
11484,2025-06-22 11:00:00,Crédito Pessoal
11485,2025-03-10 16:00:00,Antecipação Saque Aniversário
11486,2025-03-28 13:00:00,Consignado
11487,2025-01-08 13:00:00,Antecipação Saque Aniversário
11488,2025-07-19 09:00:00,Antecipação Saque Aniversário
11489,2025-03-28 11:00:00,CDC
11490,2025-04-19 11:00:00,CDC
11491,2025-06-01 09:00:00,CDC
11492,2025-05-13 12:00:00,Consignado
11493,2025-10-04 16:00:00,Consignado
11494,2025-11-10 15:00:00,CDC
11495,2025-08-16 11:00:00,CDC
11496,2025-07-30 15:00:00,Consignado
11497,2025-01-28 11:00:00,Crédito Pessoal
11498,2025-09-18 13:00:00,Consignado
11499,2025-12-16 14:00:00,Consignado
11500,2025-12-18 16:00:00,Consignado
11502,2025-02-07 15:00:00,Crédito Pessoal
11503,2025-08-08 09:00:00,Consignado
11504,2025-08-11 16:00:00,CDC
11505,2025-09-13 16:00:00,Antecipação Saque Aniversário
11507,2025-02-18 12:00:00,Consignado
11509,2025-04-15 09:00:00,Crédito Pessoal
11510,2025-08-05 10:00:00,Antecipação Saque Aniversário
11511,2025-04-29 14:00:00,Antecipação Saque Aniversário
11512,2025-09-12 10:00:00,Crédito Pessoal
11513,2025-09-23 13:00:00,Consignado
11514,2025-06-13 12:00:00,Consignado
11515,2025-12-13 16:00:00,Crédito Pessoal
11516,2025-09-15 14:00:00,Crédito Pessoal
11518,2025-06-09 15:00:00,Antecipação Saque Aniversário
11519,2025-10-15 16:00:00,Crédito Pessoal
11520,2025-08-14 11:00:00,CDC
11521,2025-01-10 15:00:00,Antecipação Saque Aniversário
11522,2025-09-30 16:00:00,Consignado
11523,2025-07-02 09:00:00,Consignado
11524,2025-06-02 16:00:00,Consignado
11525,2025-11-11 14:00:00,Antecipação Saque Aniversário
11526,2025-05-04 10:00:00,CDC
11527,2025-04-24 14:00:00,Crédito Pessoal
11528,2025-08-01 12:00:00,Crédito Pessoal
11529,2025-10-15 11:00:00,Consignado
11530,2025-06-23 09:00:00,Consignado
11531,2025-05-02 16:00:00,Antecipação Saque Aniversário
11532,2025-08-10 15:00:00,CDC
11533,2025-02-08 09:00:00,Crédito Pessoal
11534,2025-09-25 09:00:00,Antecipação Saque Aniversário
11535,2025-01-18 13:00:00,Crédito Pessoal
11536,2025-05-29 14:00:00,Consignado
11537,2025-10-29 16:00:00,Crédito Pessoal
11538,2025-08-26 15:00:00,CDC
11539,2025-05-31 12:00:00,CDC
11540,2025-08-12 11:00:00,Consignado
11541,2025-09-13 14:00:00,CDC
11543,2025-12-11 14:00:00,Antecipação Saque Aniversário
11544,2025-12-14 13:00:00,Crédito Pessoal
11545,2025-09-26 10:00:00,Consignado
11546,2025-09-15 13:00:00,Consignado
11547,2025-08-01 15:00:00,Consignado
11548,2025-10-10 10:00:00,Consignado
11549,2025-04-05 15:00:00,Consignado
11550,2025-03-29 12:00:00,CDC
11551,2025-10-05 11:00:00,Antecipação Saque Aniversário
11552,2025-07-08 09:00:00,Consignado
11553,2025-07-03 11:00:00,Antecipação Saque Aniversário
11554,2025-07-10 14:00:00,Antecipação Saque Aniversário
11555,2025-01-19 15:00:00,CDC
11556,2025-01-30 15:00:00,Consignado
11557,2025-04-18 15:00:00,CDC
11558,2025-10-08 16:00:00,Consignado
11560,2025-05-16 10:00:00,Antecipação Saque Aniversário
11561,2025-07-05 16:00:00,Consignado
11562,2025-03-13 09:00:00,Crédito Pessoal
11563,2025-12-30 13:00:00,Antecipação Saque Aniversário
11564,2025-01-03 09:00:00,Crédito Pessoal
11565,2025-04-14 11:00:00,Antecipação Saque Aniversário
11566,2025-08-12 16:00:00,CDC
11567,2025-12-28 10:00:00,Consignado
11568,2025-01-10 13:00:00,Antecipação Saque Aniversário
11569,2025-10-29 15:00:00,CDC
11570,2025-08-07 11:00:00,Consignado
11571,2025-03-07 09:00:00,Consignado
11572,2025-04-22 13:00:00,Antecipação Saque Aniversário
11573,2025-03-27 10:00:00,Consignado
11574,2025-03-31 10:00:00,Antecipação Saque Aniversário
11575,2025-02-23 12:00:00,Consignado
11576,2025-07-28 14:00:00,Crédito Pessoal
11577,2025-01-14 09:00:00,CDC
11578,2025-01-20 11:00:00,Crédito Pessoal
11579,2025-08-31 15:00:00,Antecipação Saque Aniversário
11580,2025-03-11 16:00:00,Crédito Pessoal
11581,2025-07-30 13:00:00,Antecipação Saque Aniversário
11582,2025-07-05 12:00:00,Consignado
11583,2025-04-21 13:00:00,Consignado
11584,2025-05-12 12:00:00,Antecipação Saque Aniversário
11585,2025-01-24 14:00:00,Crédito Pessoal
11586,2025-08-15 10:00:00,Consignado
11587,2025-10-20 14:00:00,CDC
11588,2025-11-06 16:00:00,Consignado
11589,2025-12-25 13:00:00,CDC
11590,2025-07-21 14:00:00,Crédito Pessoal
11591,2025-09-17 12:00:00,CDC
11592,2025-02-26 13:00:00,CDC
11593,2025-01-20 09:00:00,CDC
11594,2025-04-29 15:00:00,CDC
11595,2025-01-04 13:00:00,Consignado
11596,2025-01-14 11:00:00,CDC
11597,2025-08-04 13:00:00,Consignado
11598,2025-12-02 10:00:00,CDC
11599,2025-02-24 12:00:00,Antecipação Saque Aniversário
11600,2025-09-11 16:00:00,Crédito Pessoal
11602,2025-03-23 11:00:00,Antecipação Saque Aniversário
11603,2025-06-08 12:00:00,CDC
11604,2025-03-01 11:00:00,CDC
11605,2025-11-01 15:00:00,CDC
11606,2025-07-30 14:00:00,Antecipação Saque Aniversário
11607,2025-06-01 13:00:00,Crédito Pessoal
11609,2025-11-10 14:00:00,Crédito Pessoal
11610,2025-04-27 15:00:00,CDC
11611,2025-12-22 16:00:00,Consignado
11612,2025-01-19 16:00:00,CDC
11613,2025-06-22 12:00:00,Crédito Pessoal
11614,2025-12-16 15:00:00,Antecipação Saque Aniversário
11615,2025-04-23 15:00:00,CDC
11616,2025-05-26 15:00:00,Antecipação Saque Aniversário
11617,2025-04-26 09:00:00,Antecipação Saque Aniversário
11618,2025-09-08 12:00:00,Antecipação Saque Aniversário
11619,2025-09-08 15:00:00,CDC
11620,2025-11-09 12:00:00,Antecipação Saque Aniversário
11621,2025-04-28 13:00:00,Antecipação Saque Aniversário
11622,2025-06-10 09:00:00,CDC
11623,2025-07-17 12:00:00,Antecipação Saque Aniversário
11624,2025-05-28 16:00:00,CDC
11625,2025-02-16 11:00:00,Crédito Pessoal
11626,2025-07-17 15:00:00,Crédito Pessoal
11627,2025-03-19 12:00:00,Crédito Pessoal
11628,2025-03-16 15:00:00,Antecipação Saque Aniversário
11629,2025-05-17 10:00:00,Consignado
11630,2025-11-21 09:00:00,Consignado
11631,2025-03-02 10:00:00,Antecipação Saque Aniversário
11632,2025-02-19 11:00:00,Consignado
11633,2025-04-17 09:00:00,CDC
11634,2025-12-16 14:00:00,Consignado
11635,2025-04-28 13:00:00,Antecipação Saque Aniversário
11636,2025-07-17 09:00:00,Antecipação Saque Aniversário
11637,2025-12-31 11:00:00,CDC
11638,2025-09-02 11:00:00,Crédito Pessoal
11639,2025-02-04 14:00:00,Antecipação Saque Aniversário
11640,2025-03-10 13:00:00,CDC
11641,2025-11-16 13:00:00,Consignado
11642,2025-02-18 13:00:00,Consignado
11643,2025-03-15 16:00:00,CDC
11644,2025-09-18 12:00:00,CDC
11645,2025-03-11 10:00:00,Antecipação Saque Aniversário
11646,2025-09-17 14:00:00,Consignado
11647,2025-08-19 15:00:00,CDC
11648,2025-05-09 16:00:00,Consignado
11649,2025-11-09 12:00:00,CDC
11650,2025-11-22 09:00:00,Consignado
11651,2025-07-01 14:00:00,Crédito Pessoal
11652,2025-11-12 12:00:00,Antecipação Saque Aniversário
11653,2025-07-07 09:00:00,Consignado
11654,2025-01-31 12:00:00,Crédito Pessoal
11655,2025-06-01 09:00:00,Consignado
11656,2025-02-05 13:00:00,Consignado
11657,2025-12-30 10:00:00,Crédito Pessoal
11658,2025-12-08 12:00:00,Consignado
11659,2025-06-12 15:00:00,Consignado
11660,2025-08-08 14:00:00,Antecipação Saque Aniversário
11661,2025-04-30 10:00:00,Crédito Pessoal
11662,2025-12-02 16:00:00,Crédito Pessoal
11663,2025-07-01 15:00:00,CDC
11664,2025-04-16 09:00:00,Consignado
11665,2025-07-24 14:00:00,Antecipação Saque Aniversário
11666,2025-02-13 09:00:00,Consignado
11667,2025-10-28 12:00:00,Consignado
11668,2025-07-03 11:00:00,CDC
11669,2025-03-25 10:00:00,Consignado
11670,2025-09-07 11:00:00,Antecipação Saque Aniversário
11672,2025-06-27 09:00:00,CDC
11673,2025-01-07 14:00:00,Consignado
11674,2025-05-07 15:00:00,Antecipação Saque Aniversário
11675,2025-06-09 16:00:00,Consignado
11676,2025-07-22 12:00:00,Consignado
11677,2025-05-23 16:00:00,Consignado
11678,2025-07-18 13:00:00,CDC
11679,2025-06-03 12:00:00,Consignado
11680,2025-05-22 09:00:00,Antecipação Saque Aniversário
11682,2025-01-21 10:00:00,Antecipação Saque Aniversário
11683,2025-03-10 11:00:00,Consignado
11684,2025-03-28 10:00:00,Antecipação Saque Aniversário
11685,2025-11-01 11:00:00,Antecipação Saque Aniversário
11686,2025-12-11 13:00:00,Consignado
11687,2025-06-10 10:00:00,Consignado
11688,2025-04-27 12:00:00,Antecipação Saque Aniversário
11689,2025-11-23 14:00:00,Crédito Pessoal
11690,2025-10-16 09:00:00,CDC
11691,2025-06-01 13:00:00,Crédito Pessoal
11692,2025-03-02 10:00:00,Crédito Pessoal
11693,2025-01-28 10:00:00,Consignado
11694,2025-02-12 09:00:00,CDC
11695,2025-03-27 09:00:00,Crédito Pessoal
11696,2025-01-17 10:00:00,Consignado
11698,2025-03-06 10:00:00,Crédito Pessoal
11699,2025-12-07 13:00:00,Consignado
11700,2025-01-02 14:00:00,Consignado
11701,2025-04-22 09:00:00,Consignado
11702,2025-03-07 10:00:00,CDC
11703,2025-04-08 16:00:00,Crédito Pessoal
11704,2025-05-05 15:00:00,Consignado
11705,2025-03-27 12:00:00,Antecipação Saque Aniversário
11706,2025-12-10 15:00:00,Crédito Pessoal
11707,2025-10-21 12:00:00,Antecipação Saque Aniversário
11708,2025-02-28 10:00:00,CDC
11709,2025-04-09 16:00:00,Consignado
11710,2025-08-31 15:00:00,Antecipação Saque Aniversário
11711,2025-02-18 16:00:00,CDC
11712,2025-02-01 15:00:00,Consignado
11713,2025-10-04 12:00:00,Antecipação Saque Aniversário
11714,2025-06-03 15:00:00,Antecipação Saque Aniversário
11716,2025-08-02 15:00:00,Consignado
11717,2025-08-20 13:00:00,Consignado
11718,2025-03-20 14:00:00,Antecipação Saque Aniversário
11719,2025-04-26 12:00:00,Antecipação Saque Aniversário
11720,2025-09-27 11:00:00,Antecipação Saque Aniversário
11721,2025-06-17 10:00:00,Consignado
11722,2025-10-11 10:00:00,CDC
11726,2025-02-11 12:00:00,CDC
11727,2025-08-15 14:00:00,Antecipação Saque Aniversário
11728,2025-06-16 12:00:00,Crédito Pessoal
11729,2025-10-06 09:00:00,Crédito Pessoal
11730,2025-06-27 11:00:00,CDC
11731,2025-07-16 11:00:00,Crédito Pessoal
11732,2025-09-24 16:00:00,Crédito Pessoal
11733,2025-09-25 10:00:00,CDC
11734,2025-01-08 16:00:00,CDC
11735,2025-10-24 12:00:00,Crédito Pessoal
11736,2025-03-26 16:00:00,Antecipação Saque Aniversário
11737,2025-02-24 09:00:00,Consignado
11738,2025-02-16 15:00:00,Crédito Pessoal
11740,2025-07-29 10:00:00,Antecipação Saque Aniversário
11741,2025-11-12 12:00:00,Crédito Pessoal
11742,2025-09-25 10:00:00,Crédito Pessoal
11743,2025-09-20 16:00:00,Consignado
11744,2025-12-31 11:00:00,Consignado
11745,2025-10-10 10:00:00,Consignado
11746,2025-12-29 16:00:00,CDC
11747,2025-08-08 09:00:00,CDC
11749,2025-06-25 11:00:00,Consignado
11750,2025-04-11 12:00:00,CDC
11752,2025-02-01 09:00:00,Crédito Pessoal
11753,2025-01-12 11:00:00,Crédito Pessoal
11754,2025-10-29 15:00:00,Consignado
11755,2025-01-16 09:00:00,Antecipação Saque Aniversário
11756,2025-03-04 13:00:00,CDC
11757,2025-01-21 14:00:00,Consignado
11758,2025-09-26 10:00:00,Antecipação Saque Aniversário
11759,2025-09-17 12:00:00,Antecipação Saque Aniversário
11760,2025-04-12 10:00:00,Antecipação Saque Aniversário
11761,2025-08-11 11:00:00,CDC
11762,2025-09-04 16:00:00,CDC
11763,2025-10-10 13:00:00,Crédito Pessoal
11764,2025-01-25 11:00:00,Crédito Pessoal
11765,2025-12-19 12:00:00,Antecipação Saque Aniversário
11766,2025-10-08 12:00:00,Antecipação Saque Aniversário
11767,2025-06-03 14:00:00,CDC
11768,2025-05-13 11:00:00,Crédito Pessoal
11770,2025-09-22 12:00:00,Crédito Pessoal
11771,2025-05-14 11:00:00,Crédito Pessoal
11772,2025-03-01 12:00:00,Antecipação Saque Aniversário
11773,2025-12-30 12:00:00,CDC
11774,2025-08-01 16:00:00,Antecipação Saque Aniversário
11775,2025-08-14 14:00:00,Antecipação Saque Aniversário
11776,2025-05-11 12:00:00,Crédito Pessoal
11777,2025-10-13 10:00:00,Antecipação Saque Aniversário
11778,2025-10-04 12:00:00,CDC
11779,2025-09-05 10:00:00,Antecipação Saque Aniversário
11780,2025-07-09 09:00:00,CDC
11781,2025-06-12 12:00:00,CDC
11782,2025-02-03 09:00:00,Crédito Pessoal
11783,2025-11-03 15:00:00,Consignado
11785,2025-03-16 09:00:00,Crédito Pessoal
11786,2025-10-06 16:00:00,Antecipação Saque Aniversário
11788,2025-11-21 12:00:00,CDC
11789,2025-05-19 14:00:00,Consignado
11790,2025-09-28 11:00:00,Crédito Pessoal
11791,2025-10-16 12:00:00,Antecipação Saque Aniversário
11792,2025-09-29 10:00:00,Crédito Pessoal
11793,2025-03-07 11:00:00,Consignado
11794,2025-09-05 12:00:00,Crédito Pessoal
11795,2025-02-16 15:00:00,Crédito Pessoal
11796,2025-07-20 12:00:00,Consignado
11797,2025-05-04 09:00:00,CDC
11798,2025-09-04 15:00:00,CDC
11799,2025-05-08 15:00:00,Consignado
11800,2025-03-08 12:00:00,Crédito Pessoal
11801,2025-10-30 14:00:00,Consignado
11802,2025-05-23 15:00:00,CDC
11803,2025-01-21 11:00:00,Antecipação Saque Aniversário
11804,2025-11-09 13:00:00,Crédito Pessoal
11805,2025-10-29 12:00:00,CDC
11806,2025-05-22 12:00:00,Crédito Pessoal
11807,2025-02-08 09:00:00,Consignado
11808,2025-12-21 12:00:00,Antecipação Saque Aniversário
11809,2025-11-29 15:00:00,Consignado
11810,2025-07-29 11:00:00,Antecipação Saque Aniversário
11811,2025-08-13 14:00:00,Crédito Pessoal
11812,2025-09-08 11:00:00,Crédito Pessoal
11813,2025-04-01 10:00:00,Consignado
11814,2025-02-15 14:00:00,Antecipação Saque Aniversário
11815,2025-05-22 12:00:00,Antecipação Saque Aniversário
11816,2025-11-24 14:00:00,Crédito Pessoal
11817,2025-02-04 11:00:00,Consignado
11818,2025-01-30 15:00:00,Antecipação Saque Aniversário
11819,2025-11-30 11:00:00,Crédito Pessoal
11820,2025-03-25 09:00:00,CDC
11821,2025-10-08 16:00:00,Consignado
11823,2025-06-03 14:00:00,Consignado
11824,2025-08-03 14:00:00,Crédito Pessoal
11825,2025-03-24 14:00:00,Antecipação Saque Aniversário
11826,2025-10-02 09:00:00,Antecipação Saque Aniversário
11827,2025-10-11 12:00:00,Antecipação Saque Aniversário
11828,2025-06-22 15:00:00,Consignado
11830,2025-03-14 11:00:00,CDC
11831,2025-05-04 15:00:00,Crédito Pessoal
11832,2025-05-01 12:00:00,CDC
11833,2025-10-02 15:00:00,Consignado
11834,2025-04-30 14:00:00,Consignado
11835,2025-11-13 12:00:00,CDC
11836,2025-10-13 09:00:00,CDC
11837,2025-11-16 09:00:00,CDC
11838,2025-11-04 09:00:00,Crédito Pessoal
11839,2025-05-22 11:00:00,CDC
11840,2025-11-05 11:00:00,Consignado
11841,2025-11-30 14:00:00,Consignado
11842,2025-02-10 12:00:00,Antecipação Saque Aniversário
11843,2025-03-09 12:00:00,CDC
11844,2025-09-21 10:00:00,Crédito Pessoal
11845,2025-12-27 13:00:00,Crédito Pessoal
11846,2025-04-20 14:00:00,Crédito Pessoal
11847,2025-04-30 15:00:00,Antecipação Saque Aniversário
11848,2025-09-12 15:00:00,Consignado
11849,2025-01-16 13:00:00,Crédito Pessoal
11850,2025-03-03 09:00:00,Consignado
11851,2025-06-07 12:00:00,Antecipação Saque Aniversário
11852,2025-02-04 11:00:00,CDC
11853,2025-03-05 14:00:00,CDC
11854,2025-02-19 13:00:00,CDC
11855,2025-09-12 13:00:00,Crédito Pessoal
11856,2025-11-21 16:00:00,CDC
11857,2025-10-03 13:00:00,Crédito Pessoal
11858,2025-06-21 09:00:00,Antecipação Saque Aniversário
11859,2025-07-20 13:00:00,Antecipação Saque Aniversário
11860,2025-11-20 11:00:00,Crédito Pessoal
11861,2025-08-04 16:00:00,Consignado
11862,2025-03-06 16:00:00,CDC
11863,2025-10-28 15:00:00,CDC
11864,2025-11-28 14:00:00,CDC
11865,2025-03-17 14:00:00,Crédito Pessoal
11866,2025-02-16 15:00:00,Antecipação Saque Aniversário
11867,2025-12-27 11:00:00,CDC
11868,2025-01-26 12:00:00,Antecipação Saque Aniversário
11869,2025-04-03 14:00:00,CDC
11870,2025-08-20 13:00:00,CDC
11871,2025-11-03 14:00:00,Crédito Pessoal
11872,2025-10-03 09:00:00,Consignado
11873,2025-06-06 11:00:00,Crédito Pessoal
11874,2025-05-12 15:00:00,CDC
11875,2025-12-14 12:00:00,CDC
11876,2025-09-17 14:00:00,Consignado
11877,2025-03-17 13:00:00,Antecipação Saque Aniversário
11878,2025-03-08 14:00:00,Antecipação Saque Aniversário
11879,2025-07-13 16:00:00,CDC
11880,2025-06-11 11:00:00,Antecipação Saque Aniversário
11881,2025-12-27 09:00:00,CDC
11882,2025-03-13 15:00:00,Consignado
11883,2025-09-19 14:00:00,Consignado
11884,2025-06-02 10:00:00,CDC
11885,2025-03-02 12:00:00,Consignado
11886,2025-09-19 10:00:00,Crédito Pessoal
11887,2025-10-10 16:00:00,Crédito Pessoal
11888,2025-12-28 09:00:00,Consignado
11889,2025-04-03 13:00:00,CDC
11890,2025-08-29 11:00:00,CDC
11891,2025-05-22 11:00:00,Consignado
11892,2025-08-25 12:00:00,Antecipação Saque Aniversário
11893,2025-11-08 09:00:00,Crédito Pessoal
11894,2025-05-21 13:00:00,Antecipação Saque Aniversário
11895,2025-02-18 14:00:00,CDC
11896,2025-07-09 16:00:00,CDC
11897,2025-02-12 12:00:00,Antecipação Saque Aniversário
11898,2025-12-19 10:00:00,Consignado
11899,2025-10-22 13:00:00,Antecipação Saque Aniversário
11900,2025-09-02 09:00:00,Antecipação Saque Aniversário
11901,2025-07-11 14:00:00,Crédito Pessoal
11902,2025-04-16 11:00:00,Crédito Pessoal
11903,2025-11-06 14:00:00,Antecipação Saque Aniversário
11904,2025-08-21 09:00:00,Antecipação Saque Aniversário
11905,2025-12-10 13:00:00,CDC
11906,2025-11-01 09:00:00,Crédito Pessoal
11907,2025-01-17 16:00:00,Crédito Pessoal
11908,2025-10-04 11:00:00,CDC
11909,2025-02-28 15:00:00,Consignado
11910,2025-07-02 09:00:00,Crédito Pessoal
11911,2025-02-08 13:00:00,Crédito Pessoal
11912,2025-07-11 11:00:00,Consignado
11913,2025-05-27 11:00:00,Crédito Pessoal
11914,2025-11-29 15:00:00,Crédito Pessoal
11915,2025-02-15 13:00:00,Consignado
11916,2025-01-01 16:00:00,Consignado
11917,2025-04-18 11:00:00,Antecipação Saque Aniversário
11918,2025-11-28 16:00:00,CDC
11919,2025-04-19 12:00:00,CDC
11920,2025-08-28 09:00:00,Consignado
11921,2025-10-28 10:00:00,Consignado
11922,2025-04-13 12:00:00,Crédito Pessoal
11923,2025-09-07 13:00:00,Antecipação Saque Aniversário
11924,2025-01-08 09:00:00,Antecipação Saque Aniversário
11925,2025-12-13 14:00:00,Consignado
11926,2025-12-09 14:00:00,Crédito Pessoal
11927,2025-08-03 09:00:00,Crédito Pessoal
11928,2025-06-24 12:00:00,CDC
11930,2025-11-20 14:00:00,Crédito Pessoal
11931,2025-06-10 15:00:00,CDC
11932,2025-03-23 13:00:00,Consignado
11933,2025-05-27 15:00:00,Crédito Pessoal
11934,2025-03-25 09:00:00,CDC
11935,2025-08-13 12:00:00,Antecipação Saque Aniversário
11936,2025-08-31 15:00:00,Crédito Pessoal
11937,2025-02-10 15:00:00,Crédito Pessoal
11938,2025-09-15 15:00:00,Antecipação Saque Aniversário
11939,2025-10-12 09:00:00,Consignado
11940,2025-07-21 10:00:00,Antecipação Saque Aniversário
11941,2025-11-03 11:00:00,Crédito Pessoal
11942,2025-09-23 14:00:00,Consignado
11943,2025-07-29 11:00:00,CDC
11944,2025-04-28 09:00:00,CDC
11945,2025-02-08 12:00:00,CDC
11946,2025-09-16 12:00:00,Crédito Pessoal
11947,2025-06-04 13:00:00,Antecipação Saque Aniversário
11948,2025-01-02 13:00:00,Consignado
11949,2025-06-15 11:00:00,CDC
11950,2025-12-16 16:00:00,Consignado
11951,2025-09-15 09:00:00,Crédito Pessoal
11952,2025-09-25 11:00:00,CDC
11953,2025-08-23 09:00:00,Crédito Pessoal
11954,2025-11-07 13:00:00,Antecipação Saque Aniversário
11955,2025-12-23 13:00:00,Crédito Pessoal
11956,2025-03-03 09:00:00,Crédito Pessoal
11957,2025-05-07 15:00:00,Antecipação Saque Aniversário
11958,2025-10-06 16:00:00,Consignado
11959,2025-10-21 12:00:00,Antecipação Saque Aniversário
11960,2025-10-04 14:00:00,Antecipação Saque Aniversário
11961,2025-04-17 10:00:00,Crédito Pessoal
11962,2025-04-09 13:00:00,Consignado
11963,2025-03-14 13:00:00,CDC
11964,2025-05-02 14:00:00,Antecipação Saque Aniversário
11965,2025-07-07 12:00:00,Consignado
11966,2025-12-20 16:00:00,Antecipação Saque Aniversário
11967,2025-07-14 12:00:00,Antecipação Saque Aniversário
11968,2025-06-21 15:00:00,Antecipação Saque Aniversário
11970,2025-01-23 16:00:00,Crédito Pessoal
11971,2025-03-16 16:00:00,Consignado
11972,2025-06-09 10:00:00,Consignado
11973,2025-11-09 14:00:00,Consignado
11974,2025-04-10 12:00:00,Antecipação Saque Aniversário
11975,2025-06-16 10:00:00,Crédito Pessoal
11976,2025-06-05 13:00:00,Antecipação Saque Aniversário
11977,2025-01-07 12:00:00,Antecipação Saque Aniversário
11978,2025-02-25 09:00:00,Consignado
11979,2025-07-12 15:00:00,Antecipação Saque Aniversário
11980,2025-05-28 11:00:00,CDC
11981,2025-06-06 10:00:00,Antecipação Saque Aniversário
11982,2025-05-06 11:00:00,CDC
11983,2025-11-01 09:00:00,Antecipação Saque Aniversário
11984,2025-10-21 16:00:00,Crédito Pessoal
11986,2025-06-25 12:00:00,Consignado
11987,2025-07-23 14:00:00,Antecipação Saque Aniversário
11988,2025-11-17 15:00:00,CDC
11989,2025-04-23 13:00:00,CDC
11990,2025-11-21 14:00:00,Antecipação Saque Aniversário
11991,2025-12-10 11:00:00,CDC
11992,2025-03-08 11:00:00,Crédito Pessoal
11993,2025-02-14 12:00:00,CDC
11994,2025-06-03 11:00:00,Consignado
11995,2025-12-29 16:00:00,Crédito Pessoal
11996,2025-08-22 11:00:00,Crédito Pessoal
11997,2025-11-02 14:00:00,Crédito Pessoal
11998,2025-11-11 13:00:00,Antecipação Saque Aniversário
11999,2025-09-02 14:00:00,Antecipação Saque Aniversário
