id_cliente,data_venda,valor_premio,meses_ativo,flag_utilizacao
10000,2025-04-13 12:23:00,200.0,8,0
10001,2025-12-15 15:22:00,200.0,1,0
10002,2025-04-17 16:57:00,200.0,8,0
10003,2025-08-06 13:00:00,150.0,4,0
10004,2025-04-13 10:37:00,200.0,8,0
10005,2025-08-03 11:21:00,200.0,5,0
10006,2025-03-29 13:54:00,200.0,9,1
10007,2025-04-10 16:01:00,200.0,8,0
10008,2025-06-01 11:17:00,200.0,7,0
10009,2025-06-11 13:00:00,150.0,6,0
10010,2025-09-15 16:46:00,200.0,3,0
10011,2025-10-21 10:16:00,200.0,2,0
10012,2025-07-11 12:10:00,200.0,5,0
10013,2025-10-04 09:12:00,200.0,2,0
10014,2025-11-10 14:20:00,200.0,1,0
10015,2025-09-10 12:58:00,200.0,3,0
10016,2025-12-11 09:45:00,200.0,1,0
10017,2025-12-01 00:00:00,450.0,1,0
10018,2025-06-19 16:45:00,200.0,6,0
10019,2025-07-07 16:05:00,200.0,5,0
10020,2025-09-28 14:33:00,200.0,3,0
10021,2025-06-24 14:16:00,200.0,6,0
10022,2025-02-20 12:15:00,200.0,10,0
10023,2025-02-24 12:33:00,200.0,10,0
10024,2025-11-19 09:00:00,250.0,1,0
10025,2025-05-18 13:00:00,150.0,7,0
10026,2025-11-03 15:32:00,200.0,1,0
10027,2025-01-21 09:26:00,200.0,11,0
10028,2025-07-14 10:00:00,150.0,5,0
10029,2025-06-19 00:00:00,450.0,6,0
10030,2025-01-14 10:41:00,200.0,11,0
10031,2025-09-22 10:28:00,200.0,3,0
10032,2025-02-22 10:50:00,200.0,10,0
10033,2025-12-06 12:50:00,200.0,1,0
10034,2025-09-21 15:23:00,200.0,3,0
10035,2025-02-04 14:26:00,200.0,11,0
10036,2025-03-22 12:37:00,200.0,9,0
10037,2025-02-19 16:41:00,200.0,10,0
10038,2025-01-02 14:56:00,200.0,12,0
10039,2025-02-23 10:57:00,200.0,10,1
10040,2025-09-17 14:24:00,200.0,3,0
10041,2025-07-31 10:00:00,250.0,5,0
10042,2025-08-06 12:11:00,200.0,4,0
10043,2025-06-11 10:29:00,200.0,6,0
10044,2025-09-27 15:18:00,200.0,3,0
10045,2025-10-31 15:45:00,200.0,2,0
10046,2025-08-03 12:49:00,200.0,5,0
10047,2025-07-09 16:59:00,200.0,5,0
10048,2025-08-01 16:43:00,200.0,5,0
10049,2025-08-25 10:27:00,200.0,4,0
10050,2025-02-22 16:19:00,200.0,10,0
10051,2025-08-05 12:26:00,200.0,4,0
10052,2025-12-04 00:00:00,150.0,1,0
10053,2025-03-01 13:00:00,150.0,10,0
10054,2025-01-15 13:56:00,200.0,11,0
10055,2025-03-06 09:55:00,200.0,10,0
10056,2025-12-22 00:00:00,150.0,1,0
10057,2025-12-10 09:36:00,200.0,1,0
10058,2025-05-17 16:00:00,150.0,7,1
10059,2025-03-04 11:16:00,200.0,10,0
10060,2025-03-22 16:28:00,200.0,9,0
10061,2025-06-12 11:07:00,200.0,6,0
10062,2025-10-16 11:26:00,200.0,2,0
10063,2025-09-18 10:57:00,200.0,3,0
10064,2025-08-19 10:52:00,200.0,4,0
10065,2025-02-10 12:02:00,200.0,10,0
10066,2025-05-15 09:12:00,200.0,7,0
10067,2025-11-24 12:14:00,200.0,1,0
10068,2025-02-02 16:26:00,200.0,11,0
10069,2025-03-03 16:40:00,200.0,10,0
10070,2025-03-20 00:00:00,150.0,9,0
10071,2025-07-19 16:00:00,250.0,5,0
10072,2025-08-02 11:03:00,200.0,5,0
10073,2025-02-04 09:36:00,200.0,11,0
10074,2025-08-15 13:44:00,200.0,4,0
10075,2025-05-11 09:36:00,200.0,7,0
10076,2025-01-05 10:59:00,200.0,12,0
10077,2025-09-12 14:40:00,200.0,3,0
10078,2025-12-31 11:00:00,250.0,1,0
10079,2025-07-26 15:48:00,200.0,5,0
10080,2025-12-12 10:15:00,200.0,1,0
10081,2025-06-28 15:23:00,200.0,6,0
10082,2025-12-18 15:03:00,200.0,1,0
10083,2025-08-29 12:21:00,200.0,4,0
10084,2025-04-12 12:00:00,250.0,8,0
10085,2025-08-10 13:55:00,200.0,4,0
10086,2025-08-19 13:12:00,200.0,4,0
10087,2025-05-23 11:34:00,200.0,7,0
10088,2025-01-29 12:17:00,200.0,11,0
10089,2025-01-14 16:00:00,250.0,11,1
10090,2025-11-23 11:34:00,200.0,1,0
10091,2025-08-31 14:04:00,200.0,4,0
10092,2025-10-11 10:12:00,200.0,2,0
10093,2025-06-19 13:08:00,200.0,6,0
10094,2025-03-03 09:57:00,200.0,10,0
10095,2025-05-14 12:08:00,200.0,7,0
10096,2025-01-28 12:36:00,200.0,11,0
10097,2025-02-21 12:00:00,250.0,10,0
10098,2025-10-13 14:14:00,200.0,2,0
10099,2025-11-27 16:22:00,200.0,1,0
10100,2025-12-14 09:39:00,200.0,1,0
10101,2025-08-19 14:09:00,200.0,4,0
10102,2025-08-13 09:54:00,200.0,4,0
10103,2025-10-10 14:10:00,200.0,2,0
10104,2025-05-01 12:17:00,200.0,8,0
10105,2025-08-21 11:51:00,200.0,4,0
10106,2025-09-05 00:00:00,300.0,3,0
10107,2025-05-17 14:24:00,200.0,7,0
10108,2025-06-14 09:28:00,200.0,6,0
10109,2025-11-19 10:00:00,250.0,1,0
10110,2025-06-21 16:52:00,200.0,6,0
10111,2025-01-25 00:00:00,450.0,11,0
10112,2025-06-09 16:40:00,200.0,6,0
10113,2025-08-21 12:07:00,200.0,4,0
10114,2025-05-11 14:00:00,150.0,7,0
10115,2025-02-21 12:35:00,200.0,10,0
10116,2025-10-22 10:18:00,200.0,2,0
10117,2025-04-23 13:30:00,200.0,8,0
10118,2025-04-23 16:52:00,200.0,8,0
10119,2025-04-17 11:00:00,250.0,8,0
10120,2025-04-23 10:25:00,200.0,8,0
10121,2025-05-10 12:37:00,200.0,7,0
10122,2025-02-23 15:59:00,200.0,10,0
10123,2025-08-12 09:24:00,200.0,4,0
10124,2025-05-06 10:18:00,200.0,7,0
10125,2025-02-22 12:30:00,200.0,10,0
10126,2025-08-06 16:03:00,200.0,4,0
10127,2025-07-17 16:58:00,200.0,5,0
10128,2025-09-16 12:00:00,250.0,3,0
10129,2025-08-03 16:00:00,250.0,5,1
10130,2025-05-03 09:26:00,200.0,8,0
10131,2025-09-12 14:40:00,200.0,3,0
10132,2025-10-22 13:00:00,150.0,2,0
10133,2025-04-08 14:52:00,200.0,8,0
10134,2025-08-28 16:50:00,200.0,4,0
10135,2025-04-07 09:07:00,200.0,8,0
10136,2025-05-04 11:15:00,200.0,8,0
10137,2025-11-22 16:01:00,200.0,1,0
10138,2025-12-15 11:37:00,200.0,1,0
10139,2025-05-28 12:45:00,200.0,7,0
10140,2025-05-31 00:00:00,450.0,7,0
10141,2025-05-27 12:04:00,200.0,7,0
10142,2025-12-28 15:00:00,150.0,1,0
10143,2025-11-04 09:48:00,200.0,1,0
10144,2025-05-08 15:05:00,200.0,7,0
10145,2025-12-04 16:56:00,200.0,1,0
10146,2025-08-14 00:00:00,150.0,4,0
10147,2025-05-31 15:58:00,200.0,7,0
10148,2025-10-29 11:00:00,150.0,2,0
10149,2025-09-20 12:08:00,200.0,3,0
10150,2025-06-20 00:00:00,150.0,6,0
10151,2025-04-22 09:29:00,200.0,8,0
10152,2025-03-01 09:12:00,200.0,10,0
10153,2025-01-18 09:00:00,250.0,11,0
10154,2025-10-31 14:34:00,200.0,2,0
10155,2025-05-20 13:53:00,200.0,7,0
10156,2025-03-03 16:00:00,150.0,10,0
10157,2025-01-09 09:29:00,200.0,11,0
10158,2025-04-09 11:15:00,200.0,8,0
10159,2025-11-20 16:00:00,150.0,1,0
10160,2025-05-11 12:32:00,200.0,7,0
10161,2025-06-01 14:27:00,200.0,7,0
10162,2025-04-30 09:54:00,200.0,8,0
10163,2025-04-26 11:38:00,200.0,8,0
10164,2025-04-23 16:59:00,200.0,8,0
10165,2025-04-14 12:02:00,200.0,8,0
10166,2025-09-11 11:31:00,200.0,3,0
10167,2025-04-22 14:48:00,200.0,8,0
10168,2025-04-09 09:24:00,200.0,8,0
10169,2025-12-15 10:57:00,200.0,1,0
10170,2025-12-08 10:00:00,250.0,1,0
10171,2025-11-06 11:36:00,200.0,1,0
10172,2025-07-27 13:50:00,200.0,5,0
10173,2025-06-18 12:49:00,200.0,6,0
10174,2025-06-10 12:04:00,200.0,6,0
10175,2025-10-16 14:23:00,200.0,2,0
10176,2025-10-04 16:23:00,200.0,2,0
10177,2025-05-15 11:15:00,200.0,7,0
10178,2025-05-27 09:00:00,250.0,7,0
10179,2025-06-25 12:36:00,200.0,6,0
10180,2025-01-22 14:45:00,200.0,11,0
10181,2025-06-07 14:53:00,200.0,6,0
10182,2025-08-23 13:00:00,150.0,4,0
10183,2025-02-20 14:13:00,200.0,10,0
10184,2025-09-21 11:10:00,200.0,3,0
10185,2025-06-28 00:00:00,150.0,6,1
10186,2025-10-04 14:39:00,200.0,2,0
10187,2025-04-07 12:49:00,200.0,8,0
10188,2025-11-13 16:57:00,200.0,1,0
10189,2025-05-27 12:40:00,200.0,7,0
10190,2025-02-04 16:36:00,200.0,11,0
10191,2025-02-18 16:56:00,200.0,10,0
10192,2025-01-17 12:49:00,200.0,11,0
10193,2025-08-08 14:31:00,200.0,4,0
10194,2025-03-13 13:00:00,150.0,9,0
10195,2025-01-30 11:00:00,250.0,11,0
10196,2025-08-21 13:54:00,200.0,4,0
10197,2025-10-07 13:21:00,200.0,2,0
10198,2025-10-29 13:29:00,200.0,2,0
10199,2025-04-05 11:45:00,200.0,9,0
10200,2025-07-07 09:41:00,200.0,5,0
10201,2025-04-26 15:45:00,200.0,8,0
10202,2025-09-10 13:52:00,200.0,3,0
10203,2025-07-04 16:00:00,150.0,6,0
10204,2025-11-19 16:53:00,200.0,1,0
10205,2025-02-04 09:00:00,150.0,11,0
10206,2025-08-18 14:00:00,250.0,4,0
10207,2025-10-03 00:00:00,150.0,3,1
10208,2025-12-26 14:36:00,200.0,1,0
10209,2025-10-07 10:18:00,200.0,2,0
10210,2025-10-15 15:17:00,200.0,2,0
10211,2025-12-08 15:04:00,200.0,1,0
10212,2025-05-19 11:00:00,250.0,7,0
10213,2025-09-30 16:51:00,200.0,3,0
10214,2025-10-26 14:42:00,200.0,2,0
10215,2025-06-25 15:17:00,200.0,6,0
10216,2025-07-12 15:00:00,150.0,5,0
10217,2025-01-26 11:09:00,200.0,11,0
10218,2025-11-02 09:35:00,200.0,1,0
10219,2025-01-13 12:12:00,200.0,11,0
10220,2025-11-09 12:45:00,200.0,1,0
10221,2025-06-22 12:59:00,200.0,6,0
10222,2025-11-17 16:22:00,200.0,1,0
10223,2025-01-27 00:00:00,300.0,11,0
10224,2025-06-10 12:00:00,250.0,6,0
10225,2025-12-22 10:00:00,150.0,1,0
10226,2025-10-15 15:59:00,200.0,2,0
10227,2025-12-22 11:00:00,250.0,1,0
10228,2025-08-08 00:00:00,300.0,4,0
10229,2025-07-23 00:00:00,300.0,5,0
10230,2025-05-05 14:23:00,200.0,8,0
10231,2025-11-10 10:55:00,200.0,1,0
10232,2025-12-08 09:01:00,200.0,1,0
10233,2025-06-29 10:42:00,200.0,6,0
10234,2025-11-22 15:38:00,200.0,1,0
10235,2025-02-23 11:02:00,200.0,10,0
10236,2025-04-11 09:58:00,200.0,8,0
10237,2025-09-21 13:41:00,200.0,3,0
10238,2025-03-01 12:55:00,200.0,10,0
10239,2025-04-18 13:50:00,200.0,8,0
10240,2025-04-13 12:34:00,200.0,8,0
10241,2025-09-19 13:50:00,200.0,3,0
10242,2025-12-16 15:03:00,200.0,1,0
10243,2025-03-08 00:00:00,150.0,9,0
10244,2025-11-04 16:07:00,200.0,1,0
10245,2025-10-06 10:00:00,150.0,2,0
10246,2025-05-04 10:19:00,200.0,8,0
10247,2025-06-07 11:27:00,200.0,6,0
10248,2025-05-25 16:38:00,200.0,7,0
10249,2025-09-16 00:00:00,150.0,3,0
10250,2025-04-02 10:35:00,200.0,9,0
10251,2025-12-12 13:40:00,200.0,1,0
10252,2025-04-27 14:13:00,200.0,8,0
10253,2025-10-06 15:40:00,200.0,2,0
10254,2025-05-09 10:02:00,200.0,7,1
10255,2025-05-02 09:52:00,200.0,8,0
10256,2025-09-18 10:00:00,150.0,3,0
10257,2025-05-04 14:00:00,250.0,8,0
10258,2025-05-05 16:00:00,150.0,8,1
10259,2025-03-30 16:45:00,200.0,9,0
10260,2025-08-26 13:00:00,150.0,4,0
10261,2025-09-29 13:45:00,200.0,3,1
10262,2025-07-11 15:26:00,200.0,5,0
10263,2025-04-03 14:00:00,250.0,9,0
10264,2025-12-15 15:08:00,200.0,1,0
10265,2025-03-17 10:45:00,200.0,9,0
10266,2025-05-24 11:32:00,200.0,7,0
10267,2025-03-27 09:16:00,200.0,9,0
10268,2025-10-12 14:17:00,200.0,2,0
10269,2025-08-08 13:23:00,200.0,4,0
10270,2025-02-16 09:02:00,200.0,10,0
10271,2025-04-04 14:15:00,200.0,9,0
10272,2025-07-28 16:00:00,150.0,5,0
10273,2025-08-06 10:47:00,200.0,4,0
10274,2025-12-29 15:00:00,150.0,1,0
10275,2025-04-10 09:10:00,200.0,8,0
10276,2025-09-11 14:44:00,200.0,3,0
10277,2025-12-23 15:54:00,200.0,1,0
10278,2025-09-07 10:02:00,200.0,3,0
10279,2025-09-03 13:59:00,200.0,3,0
10280,2025-04-10 10:39:00,200.0,8,0
10281,2025-06-29 15:27:00,200.0,6,0
10282,2025-09-07 11:26:00,200.0,3,0
10283,2025-04-06 09:53:00,200.0,8,0
10284,2025-11-21 13:28:00,200.0,1,0
10285,2025-01-30 16:00:00,250.0,11,0
10286,2025-10-07 16:29:00,200.0,2,0
10287,2025-09-04 10:39:00,200.0,3,0
10288,2025-06-09 11:29:00,200.0,6,0
10289,2025-12-06 16:58:00,200.0,1,0
10290,2025-06-27 11:39:00,200.0,6,0
10291,2025-04-01 00:00:00,450.0,9,0
10292,2025-07-01 11:00:00,150.0,6,0
10293,2025-10-08 00:00:00,450.0,2,0
10294,2025-11-19 09:51:00,200.0,1,0
10295,2025-06-17 10:10:00,200.0,6,0
10296,2025-02-12 12:38:00,200.0,10,0
10297,2025-10-12 13:12:00,200.0,2,0
10298,2025-01-27 15:00:00,250.0,11,0
10299,2025-08-06 00:00:00,150.0,4,0
10300,2025-09-10 11:44:00,200.0,3,0
10301,2025-08-30 11:15:00,200.0,4,0
10302,2025-08-03 09:37:00,200.0,5,0
10303,2025-03-31 16:13:00,200.0,9,0
10304,2025-04-03 10:21:00,200.0,9,0
10305,2025-03-31 14:26:00,200.0,9,0
10306,2025-04-25 09:46:00,200.0,8,0
10307,2025-07-15 10:33:00,200.0,5,0
10308,2025-04-24 13:21:00,200.0,8,0
10309,2025-03-16 13:21:00,200.0,9,0
10310,2025-08-05 13:58:00,200.0,4,0
10311,2025-09-06 12:29:00,200.0,3,0
10312,2025-12-23 09:26:00,200.0,1,0
10313,2025-07-11 11:36:00,200.0,5,0
10314,2025-06-26 11:22:00,200.0,6,0
10315,2025-02-05 10:29:00,200.0,10,1
10316,2025-04-06 16:38:00,200.0,8,0
10317,2025-03-14 00:00:00,150.0,9,0
10318,2025-08-12 13:26:00,200.0,4,0
10319,2025-09-25 09:28:00,200.0,3,0
10320,2025-07-02 13:05:00,200.0,6,0
10321,2025-10-06 09:41:00,200.0,2,0
10322,2025-12-21 09:25:00,200.0,1,0
10323,2025-10-13 09:23:00,200.0,2,0
10324,2025-03-03 12:54:00,200.0,10,0
10325,2025-08-05 14:58:00,200.0,4,0
10326,2025-07-06 11:58:00,200.0,5,0
10327,2025-07-18 12:00:00,150.0,5,0
10328,2025-07-31 00:00:00,150.0,5,1
10329,2025-03-17 09:53:00,200.0,9,0
10330,2025-10-11 14:47:00,200.0,2,0
10331,2025-08-11 16:24:00,200.0,4,0
10332,2025-02-21 11:26:00,200.0,10,0
10333,2025-05-24 13:10:00,200.0,7,0
10334,2025-03-10 11:16:00,200.0,9,0
10335,2025-01-25 12:51:00,200.0,11,0
10336,2025-02-22 15:57:00,200.0,10,0
10337,2025-06-19 09:00:00,150.0,6,0
10338,2025-02-21 13:00:00,250.0,10,1
10339,2025-10-24 00:00:00,300.0,2,0
10340,2025-07-12 15:00:00,150.0,5,0
10341,2025-08-12 10:00:00,150.0,4,0
10342,2025-05-13 11:07:00,200.0,7,0
10343,2025-08-03 13:53:00,200.0,5,0
10344,2025-08-23 11:01:00,200.0,4,0
10345,2025-05-26 15:30:00,200.0,7,0
10346,2025-03-17 09:25:00,200.0,9,0
10347,2025-03-15 10:05:00,200.0,9,0
10348,2025-09-10 14:43:00,200.0,3,0
10349,2025-01-11 14:00:00,250.0,11,0
10350,2025-05-21 16:18:00,200.0,7,0
10351,2025-06-19 09:22:00,200.0,6,0
10352,2025-10-10 10:44:00,200.0,2,0
10353,2025-07-13 13:54:00,200.0,5,0
10354,2025-01-29 13:31:00,200.0,11,0
10355,2025-12-05 16:49:00,200.0,1,0
10356,2025-12-31 09:46:00,200.0,1,0
10357,2025-12-08 12:58:00,200.0,1,0
10358,2025-05-25 15:20:00,200.0,7,0
10359,2025-11-23 09:59:00,200.0,1,0
10360,2025-10-28 12:12:00,200.0,2,0
10361,2025-10-19 14:12:00,200.0,2,0
10362,2025-09-09 15:42:00,200.0,3,0
10363,2025-10-07 13:00:00,150.0,2,0
10364,2025-12-30 14:36:00,200.0,1,0
10365,2025-06-16 11:57:00,200.0,6,1
10366,2025-07-21 10:25:00,200.0,5,0
10367,2025-01-19 15:29:00,200.0,11,0
10368,2025-05-06 11:50:00,200.0,7,0
10369,2025-07-08 13:00:00,150.0,5,0
10370,2025-08-30 12:42:00,200.0,4,0
10371,2025-05-06 10:18:00,200.0,7,0
10372,2025-05-28 12:48:00,200.0,7,0
10373,2025-11-13 15:04:00,200.0,1,0
10374,2025-12-27 15:52:00,200.0,1,0
10375,2025-01-01 11:44:00,200.0,12,0
10376,2025-02-14 00:00:00,150.0,10,1
10377,2025-07-10 12:03:00,200.0,5,0
10378,2025-11-08 09:03:00,200.0,1,0
10379,2025-04-27 14:09:00,200.0,8,0
10380,2025-03-09 00:00:00,150.0,9,0
10381,2025-06-25 16:00:00,150.0,6,0
10382,2025-06-22 13:54:00,200.0,6,0
10383,2025-10-30 13:44:00,200.0,2,0
10384,2025-03-21 14:13:00,200.0,9,0
10385,2025-08-01 11:44:00,200.0,5,0
10386,2025-06-11 00:00:00,150.0,6,0
10387,2025-06-13 11:54:00,200.0,6,0
10388,2025-01-26 00:00:00,150.0,11,0
10389,2025-02-16 09:43:00,200.0,10,0
10390,2025-11-13 14:00:00,150.0,1,0
10391,2025-05-23 15:34:00,200.0,7,0
10392,2025-01-01 13:40:00,200.0,12,0
10393,2025-02-23 14:53:00,200.0,10,0
10394,2025-09-16 16:30:00,200.0,3,0
10395,2025-01-12 10:09:00,200.0,11,0
10396,2025-08-12 16:19:00,200.0,4,0
10397,2025-12-24 12:08:00,200.0,1,0
10398,2025-07-01 13:00:00,150.0,6,0
10399,2025-01-08 10:42:00,200.0,11,0
10400,2025-12-14 12:33:00,200.0,1,0
10401,2025-03-31 16:47:00,200.0,9,0
10402,2025-07-05 12:32:00,200.0,5,0
10403,2025-06-27 12:28:00,200.0,6,0
10404,2025-08-08 13:05:00,200.0,4,0
10405,2025-02-11 12:00:00,150.0,10,0
10406,2025-07-11 11:50:00,200.0,5,0
10407,2025-06-07 09:00:00,150.0,6,0
10408,2025-07-31 13:49:00,200.0,5,0
10409,2025-08-22 16:00:00,250.0,4,0
10410,2025-02-15 11:27:00,200.0,10,0
10411,2025-09-10 14:17:00,200.0,3,0
10412,2025-03-23 11:06:00,200.0,9,0
10413,2025-09-13 13:26:00,200.0,3,0
10414,2025-10-30 09:22:00,200.0,2,0
10415,2025-01-10 16:40:00,200.0,11,0
10416,2025-10-13 10:41:00,200.0,2,0
10417,2025-09-08 13:09:00,200.0,3,0
10418,2025-01-05 15:13:00,200.0,12,0
10419,2025-10-19 14:00:00,250.0,2,0
10420,2025-03-06 10:59:00,200.0,10,0
10421,2025-08-12 15:49:00,200.0,4,0
10422,2025-06-26 11:09:00,200.0,6,0
10423,2025-12-07 10:11:00,200.0,1,0
10424,2025-03-04 09:01:00,200.0,10,0
10425,2025-12-08 11:18:00,200.0,1,0
10426,2025-10-10 09:37:00,200.0,2,0
10427,2025-04-09 00:00:00,300.0,8,0
10428,2025-04-09 15:46:00,200.0,8,0
10429,2025-11-07 14:15:00,200.0,1,0
10430,2025-07-16 15:43:00,200.0,5,0
10431,2025-05-13 14:32:00,200.0,7,0
10432,2025-09-16 13:23:00,200.0,3,0
10433,2025-01-31 13:00:00,250.0,11,0
10434,2025-02-22 13:25:00,200.0,10,0
10435,2025-07-21 10:54:00,200.0,5,0
10436,2025-03-24 09:23:00,200.0,9,0
10437,2025-03-26 14:27:00,200.0,9,0
10438,2025-01-01 11:44:00,200.0,12,0
10439,2025-07-19 13:00:00,250.0,5,0
10440,2025-09-17 14:39:00,200.0,3,0
10441,2025-10-15 10:22:00,200.0,2,0
10442,2025-12-14 15:21:00,200.0,1,0
10443,2025-03-13 15:49:00,200.0,9,0
10444,2025-04-04 00:00:00,300.0,9,1
10445,2025-01-31 00:00:00,450.0,11,1
10446,2025-04-28 11:41:00,200.0,8,1
10447,2025-11-02 12:37:00,200.0,1,0
10448,2025-02-23 12:45:00,200.0,10,0
10449,2025-08-10 11:38:00,200.0,4,0
10450,2025-11-09 09:57:00,200.0,1,0
10451,2025-04-22 15:57:00,200.0,8,0
10452,2025-10-30 15:05:00,200.0,2,0
10453,2025-07-26 13:25:00,200.0,5,0
10454,2025-12-07 14:30:00,200.0,1,0
10455,2025-03-07 11:13:00,200.0,9,0
10456,2025-04-13 14:53:00,200.0,8,0
10457,2025-07-11 12:40:00,200.0,5,0
10458,2025-08-14 14:50:00,200.0,4,0
10459,2025-11-22 10:00:00,250.0,1,0
10460,2025-12-04 14:25:00,200.0,1,0
10461,2025-12-01 11:24:00,200.0,1,0
10462,2025-11-04 09:40:00,200.0,1,0
10463,2025-06-15 09:13:00,200.0,6,0
10464,2025-12-16 12:00:00,250.0,1,0
10465,2025-01-30 15:16:00,200.0,11,0
10466,2025-05-03 11:00:00,250.0,8,0
10467,2025-03-22 13:55:00,200.0,9,0
10468,2025-10-12 12:18:00,200.0,2,0
10469,2025-06-02 16:00:00,150.0,7,0
10470,2025-11-26 09:23:00,200.0,1,0
10471,2025-04-03 00:00:00,300.0,9,0
10472,2025-03-10 10:13:00,200.0,9,0
10473,2025-09-19 13:33:00,200.0,3,0
10474,2025-07-24 14:33:00,200.0,5,0
10475,2025-08-23 11:19:00,200.0,4,0
10476,2025-08-28 11:37:00,200.0,4,0
10477,2025-04-21 09:10:00,200.0,8,0
10478,2025-06-27 15:00:00,250.0,6,0
10479,2025-12-02 15:49:00,200.0,1,0
10480,2025-01-08 12:58:00,200.0,11,0
10481,2025-12-26 12:35:00,200.0,1,0
10482,2025-08-16 00:00:00,150.0,4,0
10483,2025-07-14 16:27:00,200.0,5,0
10484,2025-07-14 11:28:00,200.0,5,0
10485,2025-04-03 16:20:00,200.0,9,0
10486,2025-03-02 10:01:00,200.0,10,0
10487,2025-03-07 11:00:00,150.0,9,0
10488,2025-10-30 13:00:00,250.0,2,0
10489,2025-04-26 10:00:00,150.0,8,0
10490,2025-11-13 14:17:00,200.0,1,0
10491,2025-11-22 09:58:00,200.0,1,0
10492,2025-06-04 09:00:00,150.0,7,0
10493,2025-01-30 10:00:00,250.0,11,0
10494,2025-02-15 10:35:00,200.0,10,0
10495,2025-03-19 10:42:00,200.0,9,0
10496,2025-10-28 11:28:00,200.0,2,1
10497,2025-10-14 00:00:00,150.0,2,0
10498,2025-09-06 15:23:00,200.0,3,0
10499,2025-05-01 14:43:00,200.0,8,0
10500,2025-08-27 16:50:00,200.0,4,0
10501,2025-12-16 11:20:00,200.0,1,0
10502,2025-11-15 16:50:00,200.0,1,0
10503,2025-03-21 09:00:00,150.0,9,0
10504,2025-05-16 00:00:00,150.0,7,0
10505,2025-09-14 16:50:00,200.0,3,0
10506,2025-04-23 11:09:00,200.0,8,0
10507,2025-09-10 12:12:00,200.0,3,0
10508,2025-07-26 15:56:00,200.0,5,0
10509,2025-05-07 16:21:00,200.0,7,0
10510,2025-02-17 00:00:00,300.0,10,0
10511,2025-02-15 15:00:00,150.0,10,0
10512,2025-03-19 16:14:00,200.0,9,0
10513,2025-12-31 10:35:00,200.0,1,0
10514,2025-01-14 11:33:00,200.0,11,0
10515,2025-11-08 11:17:00,200.0,1,0
10516,2025-01-07 11:22:00,200.0,11,1
10517,2025-05-03 15:00:00,150.0,8,0
10518,2025-08-26 11:29:00,200.0,4,0
10519,2025-08-27 12:28:00,200.0,4,0
10520,2025-10-01 10:32:00,200.0,3,0
10521,2025-10-21 11:06:00,200.0,2,0
10522,2025-01-15 16:56:00,200.0,11,0
10523,2025-04-29 13:47:00,200.0,8,1
10524,2025-01-28 10:24:00,200.0,11,0
10525,2025-03-05 09:00:00,150.0,10,0
10526,2025-09-30 15:23:00,200.0,3,0
10527,2025-03-27 10:42:00,200.0,9,0
10528,2025-06-03 12:00:00,150.0,7,0
10529,2025-01-25 09:24:00,200.0,11,0
10530,2025-02-03 12:00:00,250.0,11,0
10531,2025-01-26 12:00:00,150.0,11,0
10532,2025-03-08 09:47:00,200.0,9,1
10533,2025-04-19 10:07:00,200.0,8,0
10534,2025-04-21 12:39:00,200.0,8,0
10535,2025-04-21 14:50:00,200.0,8,0
10536,2025-02-03 15:44:00,200.0,11,0
10537,2025-09-21 16:28:00,200.0,3,1
10538,2025-08-24 11:47:00,200.0,4,0
10539,2025-02-27 09:00:00,250.0,10,0
10540,2025-04-18 14:00:00,150.0,8,0
10541,2025-06-29 10:42:00,200.0,6,0
10542,2025-11-16 10:51:00,200.0,1,0
10543,2025-11-11 13:42:00,200.0,1,1
10544,2025-08-17 09:25:00,200.0,4,0
10545,2025-10-16 13:16:00,200.0,2,0
10546,2025-05-30 13:04:00,200.0,7,0
10547,2025-07-17 14:21:00,200.0,5,0
10548,2025-08-28 00:00:00,300.0,4,0
10549,2025-12-16 11:37:00,200.0,1,0
10550,2025-11-16 14:00:00,250.0,1,0
10551,2025-04-05 16:40:00,200.0,9,0
10552,2025-11-09 09:00:00,150.0,1,0
10553,2025-09-04 11:10:00,200.0,3,0
10554,2025-08-31 15:37:00,200.0,4,0
10555,2025-02-09 13:06:00,200.0,10,0
10556,2025-02-24 16:00:00,250.0,10,0
10557,2025-08-11 14:33:00,200.0,4,0
10558,2025-11-18 12:17:00,200.0,1,0
10559,2025-04-08 00:00:00,150.0,8,0
10560,2025-01-04 15:07:00,200.0,12,0
10561,2025-08-30 00:00:00,150.0,4,0
10562,2025-04-04 16:46:00,200.0,9,0
10563,2025-03-03 09:11:00,200.0,10,0
10564,2025-07-13 15:35:00,200.0,5,0
10565,2025-07-22 16:54:00,200.0,5,0
10566,2025-01-26 11:34:00,200.0,11,0
10567,2025-07-09 12:00:00,150.0,5,0
10568,2025-05-13 14:16:00,200.0,7,0
10569,2025-04-28 12:49:00,200.0,8,0
10570,2025-10-02 12:21:00,200.0,3,0
10571,2025-08-13 12:51:00,200.0,4,0
10572,2025-04-23 12:57:00,200.0,8,0
10573,2025-02-16 09:09:00,200.0,10,0
10574,2025-03-31 14:12:00,200.0,9,0
10575,2025-11-16 14:25:00,200.0,1,0
10576,2025-10-20 14:39:00,200.0,2,0
10577,2025-05-19 15:56:00,200.0,7,0
10578,2025-12-22 13:04:00,200.0,1,0
10579,2025-09-16 09:35:00,200.0,3,0
10580,2025-06-27 16:43:00,200.0,6,0
10581,2025-01-17 13:00:00,250.0,11,0
10582,2025-05-18 12:58:00,200.0,7,0
10583,2025-01-13 16:12:00,200.0,11,1
10584,2025-05-10 12:39:00,200.0,7,0
10585,2025-08-20 00:00:00,150.0,4,0
10586,2025-05-04 09:00:00,150.0,8,0
10587,2025-09-30 09:17:00,200.0,3,0
10588,2025-02-07 15:50:00,200.0,10,0
10589,2025-04-04 15:31:00,200.0,9,0
10590,2025-11-01 13:42:00,200.0,2,0
10591,2025-11-14 12:08:00,200.0,1,0
10592,2025-08-24 10:25:00,200.0,4,0
10593,2025-11-30 13:31:00,200.0,1,0
10594,2025-05-17 10:54:00,200.0,7,0
10595,2025-03-17 11:25:00,200.0,9,0
10596,2025-02-11 09:00:00,250.0,10,0
10597,2025-06-16 00:00:00,150.0,6,0
10598,2025-03-01 16:08:00,200.0,10,0
10599,2025-12-15 16:46:00,200.0,1,0
10600,2025-09-24 09:46:00,200.0,3,0
10601,2025-08-17 14:23:00,200.0,4,0
10602,2025-11-12 14:59:00,200.0,1,0
10603,2025-10-18 13:16:00,200.0,2,0
10604,2025-07-08 13:00:00,250.0,5,0
10605,2025-12-05 11:41:00,200.0,1,0
10606,2025-03-19 10:12:00,200.0,9,0
10607,2025-03-03 12:39:00,200.0,10,0
10608,2025-03-30 13:25:00,200.0,9,0
10609,2025-02-11 09:06:00,200.0,10,0
10610,2025-10-23 16:35:00,200.0,2,0
10611,2025-10-22 16:57:00,200.0,2,0
10612,2025-01-22 16:00:00,150.0,11,0
10613,2025-06-28 13:22:00,200.0,6,0
10614,2025-12-19 15:57:00,200.0,1,0
10615,2025-03-04 15:59:00,200.0,10,0
10616,2025-06-02 09:58:00,200.0,7,0
10617,2025-08-13 15:46:00,200.0,4,0
10618,2025-11-05 16:20:00,200.0,1,0
10619,2025-04-14 11:50:00,200.0,8,0
10620,2025-02-08 11:33:00,200.0,10,0
10621,2025-07-17 14:34:00,200.0,5,0
10622,2025-03-08 15:54:00,200.0,9,0
10623,2025-07-05 16:00:00,250.0,5,0
10624,2025-02-11 16:38:00,200.0,10,0
10625,2025-05-08 00:00:00,300.0,7,0
10626,2025-06-06 09:20:00,200.0,6,0
10627,2025-09-15 11:00:00,150.0,3,0
10628,2025-06-29 14:00:00,250.0,6,0
10629,2025-04-07 13:59:00,200.0,8,0
10630,2025-10-16 14:36:00,200.0,2,0
10631,2025-07-15 14:54:00,200.0,5,0
10632,2025-11-18 10:03:00,200.0,1,0
10633,2025-01-05 11:19:00,200.0,12,0
10634,2025-11-26 09:48:00,200.0,1,0
10635,2025-04-28 14:39:00,200.0,8,0
10636,2025-06-08 15:45:00,200.0,6,0
10637,2025-08-16 13:01:00,200.0,4,0
10638,2025-08-04 12:52:00,200.0,4,0
10639,2025-07-03 15:42:00,200.0,6,0
10640,2025-06-06 16:33:00,200.0,6,0
10641,2025-09-27 13:00:00,250.0,3,0
10642,2025-02-16 12:28:00,200.0,10,0
10643,2025-12-08 13:00:00,150.0,1,0
10644,2025-05-10 11:12:00,200.0,7,0
10645,2025-04-05 11:29:00,200.0,9,0
10646,2025-09-02 12:00:00,150.0,4,0
10647,2025-10-19 10:39:00,200.0,2,0
10648,2025-10-26 11:16:00,200.0,2,0
10649,2025-03-31 12:00:00,250.0,9,0
10650,2025-01-11 14:08:00,200.0,11,0
10651,2025-11-26 16:11:00,200.0,1,0
10652,2025-02-07 14:07:00,200.0,10,0
10653,2025-07-30 15:00:00,150.0,5,0
10654,2025-10-30 10:04:00,200.0,2,0
10655,2025-11-03 11:00:00,150.0,1,0
10656,2025-08-06 13:25:00,200.0,4,0
10657,2025-04-14 14:06:00,200.0,8,0
10658,2025-07-29 09:33:00,200.0,5,0
10659,2025-04-21 16:01:00,200.0,8,1
10660,2025-11-12 11:14:00,200.0,1,0
10661,2025-12-22 16:46:00,200.0,1,0
10662,2025-11-05 00:00:00,150.0,1,0
10663,2025-10-20 16:55:00,200.0,2,0
10664,2025-05-07 10:06:00,200.0,7,0
10665,2025-04-02 15:37:00,200.0,9,0
10666,2025-02-20 13:39:00,200.0,10,1
10667,2025-10-23 09:36:00,200.0,2,0
10668,2025-08-26 00:00:00,150.0,4,0
10669,2025-09-14 14:25:00,200.0,3,0
10670,2025-05-03 13:00:00,250.0,8,0
10671,2025-12-12 14:49:00,200.0,1,0
10672,2025-07-01 15:26:00,200.0,6,0
10673,2025-11-09 09:14:00,200.0,1,0
10674,2025-11-15 14:49:00,200.0,1,0
10675,2025-02-24 11:14:00,200.0,10,0
10676,2025-05-29 15:43:00,200.0,7,0
10677,2025-11-05 09:57:00,200.0,1,0
10678,2025-07-21 12:57:00,200.0,5,0
10679,2025-11-09 13:43:00,200.0,1,0
10680,2025-06-15 09:00:00,150.0,6,0
10681,2025-10-18 15:57:00,200.0,2,0
10682,2025-09-01 09:06:00,200.0,4,0
10683,2025-03-31 11:25:00,200.0,9,0
10684,2025-10-21 10:51:00,200.0,2,0
10685,2025-07-29 11:06:00,200.0,5,0
10686,2025-12-13 09:46:00,200.0,1,0
10687,2025-05-19 11:00:00,250.0,7,0
10688,2025-12-30 11:11:00,200.0,1,0
10689,2025-06-28 14:13:00,200.0,6,0
10690,2025-06-01 09:24:00,200.0,7,0
10691,2025-06-29 14:41:00,200.0,6,0
10692,2025-12-10 09:15:00,200.0,1,0
10693,2025-06-26 13:03:00,200.0,6,0
10694,2025-03-04 11:45:00,200.0,10,0
10695,2025-06-14 10:00:00,150.0,6,0
10696,2025-06-05 10:18:00,200.0,6,0
10697,2025-02-18 15:02:00,200.0,10,0
10698,2025-12-03 12:26:00,200.0,1,0
10699,2025-12-27 09:05:00,200.0,1,0
10700,2025-05-28 14:01:00,200.0,7,0
10701,2025-12-08 12:23:00,200.0,1,0
10702,2025-03-04 13:12:00,200.0,10,0
10703,2025-12-26 09:30:00,200.0,1,0
10704,2025-11-23 09:36:00,200.0,1,0
10705,2025-08-12 13:31:00,200.0,4,0
10706,2025-08-03 11:13:00,200.0,5,0
10707,2025-07-30 14:16:00,200.0,5,0
10708,2025-02-12 14:00:00,150.0,10,1
10709,2025-10-12 09:17:00,200.0,2,1
10710,2025-10-13 16:28:00,200.0,2,0
10711,2025-01-19 10:10:00,200.0,11,0
10712,2025-09-14 14:47:00,200.0,3,0
10713,2025-06-24 10:42:00,200.0,6,0
10714,2025-07-13 14:56:00,200.0,5,0
10715,2025-04-23 10:17:00,200.0,8,0
10716,2025-08-10 14:52:00,200.0,4,0
10717,2025-11-15 12:46:00,200.0,1,0
10718,2025-10-12 13:00:00,150.0,2,0
10719,2025-02-28 15:00:00,150.0,10,0
10720,2025-05-11 16:12:00,200.0,7,0
10721,2025-09-23 10:06:00,200.0,3,0
10722,2025-06-11 12:07:00,200.0,6,0
10723,2025-03-28 15:51:00,200.0,9,0
10724,2025-10-20 10:00:00,150.0,2,0
10725,2025-12-15 16:08:00,200.0,1,0
10726,2025-10-13 00:00:00,450.0,2,0
10727,2025-09-04 11:57:00,200.0,3,0
10728,2025-09-12 13:37:00,200.0,3,0
10729,2025-12-12 14:00:00,150.0,1,0
10730,2025-09-07 15:00:00,250.0,3,0
10731,2025-08-17 11:57:00,200.0,4,0
10732,2025-02-20 09:42:00,200.0,10,0
10733,2025-04-02 15:15:00,200.0,9,0
10734,2025-09-21 10:58:00,200.0,3,0
10735,2025-10-18 16:07:00,200.0,2,0
10736,2025-04-15 00:00:00,300.0,8,0
10737,2025-03-01 00:00:00,150.0,10,0
10738,2025-10-29 11:06:00,200.0,2,0
10739,2025-03-03 00:00:00,150.0,10,0
10740,2025-08-11 15:53:00,200.0,4,0
10741,2025-01-07 10:48:00,200.0,11,0
10742,2025-10-06 09:00:00,250.0,2,0
10743,2025-06-06 13:00:00,250.0,6,1
10744,2025-05-27 16:10:00,200.0,7,0
10745,2025-02-05 13:39:00,200.0,10,0
10746,2025-07-07 10:20:00,200.0,5,0
10747,2025-01-30 09:00:00,250.0,11,0
10748,2025-10-30 13:10:00,200.0,2,0
10749,2025-01-11 10:01:00,200.0,11,0
10750,2025-07-14 15:28:00,200.0,5,0
10751,2025-04-29 12:43:00,200.0,8,0
10752,2025-01-20 13:14:00,200.0,11,0
10753,2025-10-20 14:35:00,200.0,2,0
10754,2025-09-13 14:17:00,200.0,3,0
10755,2025-08-14 13:21:00,200.0,4,0
10756,2025-12-21 12:06:00,200.0,1,0
10757,2025-12-08 12:20:00,200.0,1,0
10758,2025-10-07 09:01:00,200.0,2,0
10759,2025-08-15 14:00:00,150.0,4,0
10760,2025-04-30 11:10:00,200.0,8,0
10761,2025-08-03 16:22:00,200.0,5,0
10762,2025-08-14 09:00:00,250.0,4,0
10763,2025-04-25 09:53:00,200.0,8,0
10764,2025-01-29 09:00:00,150.0,11,0
10765,2025-02-14 10:00:00,250.0,10,0
10766,2025-08-25 09:11:00,200.0,4,0
10767,2025-10-04 00:00:00,300.0,2,0
10768,2025-09-03 14:26:00,200.0,3,0
10769,2025-08-23 14:31:00,200.0,4,0
10770,2025-01-04 10:06:00,200.0,12,0
10771,2025-01-29 13:48:00,200.0,11,0
10772,2025-04-08 15:51:00,200.0,8,1
10773,2025-10-20 11:11:00,200.0,2,0
10774,2025-03-16 00:00:00,450.0,9,1
10775,2025-05-27 13:00:00,150.0,7,0
10776,2025-02-11 12:23:00,200.0,10,0
10777,2025-02-10 14:02:00,200.0,10,0
10778,2025-06-18 00:00:00,150.0,6,0
10779,2025-06-14 09:34:00,200.0,6,0
10780,2025-03-17 15:02:00,200.0,9,0
10781,2025-04-27 10:58:00,200.0,8,0
10782,2025-12-08 13:41:00,200.0,1,0
10783,2025-01-27 09:10:00,200.0,11,1
10784,2025-10-26 14:00:00,150.0,2,0
10785,2025-08-07 16:11:00,200.0,4,0
10786,2025-04-26 12:00:00,250.0,8,0
10787,2025-08-25 09:54:00,200.0,4,0
10788,2025-11-05 15:58:00,200.0,1,0
10789,2025-06-22 09:19:00,200.0,6,0
10790,2025-07-09 10:03:00,200.0,5,0
10791,2025-02-15 16:17:00,200.0,10,0
10792,2025-05-19 12:00:00,250.0,7,0
10793,2025-11-06 11:32:00,200.0,1,0
10794,2025-07-12 11:47:00,200.0,5,0
10795,2025-06-30 12:04:00,200.0,6,0
10796,2025-10-09 13:47:00,200.0,2,0
10797,2025-06-25 11:00:00,150.0,6,0
10798,2025-11-03 11:00:00,150.0,1,0
10799,2025-06-13 09:09:00,200.0,6,0
10800,2025-07-06 15:38:00,200.0,5,0
10801,2025-08-20 11:58:00,200.0,4,0
10802,2025-11-19 10:00:00,150.0,1,0
10803,2025-02-24 15:10:00,200.0,10,0
10804,2025-06-01 14:09:00,200.0,7,0
10805,2025-03-10 16:20:00,200.0,9,0
10806,2025-10-16 10:24:00,200.0,2,0
10807,2025-02-05 15:59:00,200.0,10,0
10808,2025-05-28 11:17:00,200.0,7,0
10809,2025-08-15 12:03:00,200.0,4,0
10810,2025-12-17 14:00:00,250.0,1,0
10811,2025-12-31 11:43:00,200.0,1,0
10812,2025-07-20 10:30:00,200.0,5,0
10813,2025-03-14 09:28:00,200.0,9,0
10814,2025-10-24 09:00:00,150.0,2,0
10815,2025-05-09 09:52:00,200.0,7,0
10816,2025-03-02 11:46:00,200.0,10,0
10817,2025-04-14 10:11:00,200.0,8,0
10818,2025-01-25 15:52:00,200.0,11,0
10819,2025-10-18 11:02:00,200.0,2,0
10820,2025-08-17 12:25:00,200.0,4,0
10821,2025-07-14 11:00:00,150.0,5,0
10822,2025-04-12 10:16:00,200.0,8,0
10823,2025-02-10 11:00:00,150.0,10,0
10824,2025-04-11 12:54:00,200.0,8,0
10825,2025-11-01 13:41:00,200.0,2,0
10826,2025-01-17 10:39:00,200.0,11,0
10827,2025-02-26 15:27:00,200.0,10,0
10828,2025-10-30 12:19:00,200.0,2,0
10829,2025-11-14 16:35:00,200.0,1,0
10830,2025-08-04 11:30:00,200.0,4,0
10831,2025-09-21 15:58:00,200.0,3,0
10832,2025-05-29 09:23:00,200.0,7,0
10833,2025-08-12 13:00:00,150.0,4,0
10834,2025-07-17 16:52:00,200.0,5,0
10835,2025-01-25 10:18:00,200.0,11,0
10836,2025-03-30 12:40:00,200.0,9,0
10837,2025-05-23 11:44:00,200.0,7,0
10838,2025-12-31 10:36:00,200.0,1,1
10839,2025-02-20 16:00:00,250.0,10,0
10840,2025-09-23 16:11:00,200.0,3,0
10841,2025-07-18 09:44:00,200.0,5,0
10842,2025-11-03 13:00:00,250.0,1,0
10843,2025-03-27 10:09:00,200.0,9,0
10844,2025-10-22 15:00:00,150.0,2,0
10845,2025-04-27 15:01:00,200.0,8,0
10846,2025-05-17 11:05:00,200.0,7,0
10847,2025-07-18 16:00:00,150.0,5,0
10848,2025-11-11 15:33:00,200.0,1,0
10849,2025-03-23 15:26:00,200.0,9,0
10850,2025-05-09 09:00:00,150.0,7,0
10851,2025-01-14 15:24:00,200.0,11,0
10852,2025-06-01 11:08:00,200.0,7,0
10853,2025-04-18 12:35:00,200.0,8,0
10854,2025-10-28 10:23:00,200.0,2,0
10855,2025-05-11 13:42:00,200.0,7,0
10856,2025-06-20 16:32:00,200.0,6,0
10857,2025-07-02 15:39:00,200.0,6,0
10858,2025-12-30 15:15:00,200.0,1,0
10859,2025-01-15 16:19:00,200.0,11,1
10860,2025-01-04 13:59:00,200.0,12,0
10861,2025-07-29 09:27:00,200.0,5,0
10862,2025-02-13 13:00:00,150.0,10,0
10863,2025-04-18 14:37:00,200.0,8,0
10864,2025-11-07 11:38:00,200.0,1,0
10865,2025-07-23 00:00:00,150.0,5,0
10866,2025-02-23 00:00:00,450.0,10,1
10867,2025-09-26 13:10:00,200.0,3,0
10868,2025-06-05 00:00:00,300.0,7,0
10869,2025-04-06 11:43:00,200.0,8,0
10870,2025-02-08 14:56:00,200.0,10,0
10871,2025-01-29 14:39:00,200.0,11,0
10872,2025-11-14 13:45:00,200.0,1,0
10873,2025-08-24 09:24:00,200.0,4,0
10874,2025-09-29 16:33:00,200.0,3,0
10875,2025-08-24 15:50:00,200.0,4,0
10876,2025-09-23 14:26:00,200.0,3,0
10877,2025-12-25 12:23:00,200.0,1,0
10878,2025-03-06 14:57:00,200.0,10,0
10879,2025-09-26 00:00:00,300.0,3,0
10880,2025-05-22 16:31:00,200.0,7,0
10881,2025-06-10 10:00:00,150.0,6,0
10882,2025-11-20 10:45:00,200.0,1,0
10883,2025-10-20 09:19:00,200.0,2,0
10884,2025-04-28 00:00:00,300.0,8,0
10885,2025-03-25 15:00:00,250.0,9,0
10886,2025-11-01 09:37:00,200.0,2,0
10887,2025-12-10 12:18:00,200.0,1,0
10888,2025-05-20 11:09:00,200.0,7,0
10889,2025-10-20 13:59:00,200.0,2,0
10890,2025-07-17 15:24:00,200.0,5,0
10891,2025-12-04 14:00:00,150.0,1,0
10892,2025-12-10 11:24:00,200.0,1,0
10893,2025-03-23 00:00:00,300.0,9,0
10894,2025-03-02 00:00:00,450.0,10,0
10895,2025-07-18 12:31:00,200.0,5,0
10896,2025-09-17 11:25:00,200.0,3,0
10897,2025-03-13 12:35:00,200.0,9,0
10898,2025-12-15 15:01:00,200.0,1,0
10899,2025-11-29 13:00:00,250.0,1,0
10900,2025-08-31 13:08:00,200.0,4,0
10901,2025-11-26 11:47:00,200.0,1,0
10902,2025-08-14 09:14:00,200.0,4,0
10903,2025-08-06 09:05:00,200.0,4,0
10904,2025-08-29 10:31:00,200.0,4,0
10905,2025-09-18 16:00:00,150.0,3,0
10906,2025-09-19 13:06:00,200.0,3,0
10907,2025-09-18 14:11:00,200.0,3,0
10908,2025-02-16 15:07:00,200.0,10,0
10909,2025-07-10 09:00:00,150.0,5,0
10910,2025-04-09 12:22:00,200.0,8,0
10911,2025-09-08 13:00:00,250.0,3,0
10912,2025-06-27 10:43:00,200.0,6,1
10913,2025-03-03 09:10:00,200.0,10,0
10914,2025-08-04 11:57:00,200.0,4,0
10915,2025-07-05 11:00:00,150.0,5,0
10916,2025-10-12 16:00:00,150.0,2,0
10917,2025-03-30 09:37:00,200.0,9,0
10918,2025-03-09 14:15:00,200.0,9,0
10919,2026-01-21 10:00:00,150.0,1,0
10920,2025-09-24 09:22:00,200.0,3,0
10921,2025-11-19 11:17:00,200.0,1,0
10922,2025-01-29 09:48:00,200.0,11,0
10923,2025-07-14 09:11:00,200.0,5,0
10924,2025-08-14 12:13:00,200.0,4,0
10925,2025-06-19 09:37:00,200.0,6,0
10926,2025-02-09 09:14:00,200.0,10,0
10927,2025-10-14 11:00:00,250.0,2,0
10928,2025-08-14 16:42:00,200.0,4,0
10929,2025-05-25 15:00:00,250.0,7,0
10930,2025-10-16 00:00:00,300.0,2,0
10931,2025-09-08 13:28:00,200.0,3,0
10932,2025-06-25 10:30:00,200.0,6,0
10933,2025-02-23 12:00:00,150.0,10,0
10934,2025-06-25 13:24:00,200.0,6,0
10935,2025-10-11 13:25:00,200.0,2,0
10936,2025-03-22 10:03:00,200.0,9,0
10937,2025-02-09 13:29:00,200.0,10,0
10938,2025-08-29 14:00:00,250.0,4,0
10939,2025-12-15 11:49:00,200.0,1,0
10940,2025-07-08 11:00:00,150.0,5,0
10941,2025-02-25 16:50:00,200.0,10,0
10942,2025-12-20 16:33:00,200.0,1,0
10943,2025-12-13 13:38:00,200.0,1,0
10944,2025-03-21 00:00:00,300.0,9,1
10945,2025-09-19 16:09:00,200.0,3,0
10946,2025-05-27 16:25:00,200.0,7,0
10947,2025-06-17 12:51:00,200.0,6,0
10948,2025-12-19 11:58:00,200.0,1,0
10949,2025-02-28 16:31:00,200.0,10,0
10950,2025-07-01 13:00:00,150.0,6,0
10951,2025-12-29 13:10:00,200.0,1,0
10952,2025-12-31 13:00:00,150.0,1,0
10953,2025-06-19 12:20:00,200.0,6,0
10954,2025-07-10 11:17:00,200.0,5,0
10955,2025-07-07 15:41:00,200.0,5,0
10956,2025-05-13 11:48:00,200.0,7,0
10957,2025-02-14 10:49:00,200.0,10,1
10958,2025-09-06 11:21:00,200.0,3,0
10959,2025-01-31 15:58:00,200.0,11,0
10960,2025-06-09 11:55:00,200.0,6,0
10961,2025-06-07 15:01:00,200.0,6,0
10962,2025-03-23 12:02:00,200.0,9,0
10963,2025-09-15 14:09:00,200.0,3,0
10964,2025-03-18 13:16:00,200.0,9,0
10965,2025-01-12 15:08:00,200.0,11,0
10966,2025-08-12 13:57:00,200.0,4,0
10967,2025-02-15 11:30:00,200.0,10,0
10968,2025-04-23 09:09:00,200.0,8,0
10969,2025-01-17 16:22:00,200.0,11,0
10970,2025-08-11 10:50:00,200.0,4,0
10971,2025-07-07 16:14:00,200.0,5,0
10972,2025-12-10 13:07:00,200.0,1,0
10973,2025-06-12 16:46:00,200.0,6,0
10974,2025-11-22 11:43:00,200.0,1,0
10975,2025-03-15 09:26:00,200.0,9,0
10976,2025-08-12 10:50:00,200.0,4,0
10977,2025-11-15 12:54:00,200.0,1,0
10978,2025-03-01 15:36:00,200.0,10,0
10979,2025-08-10 13:24:00,200.0,4,0
10980,2025-10-05 12:26:00,200.0,2,0
10981,2025-12-18 12:01:00,200.0,1,0
10982,2025-08-30 12:18:00,200.0,4,0
10983,2025-08-07 16:49:00,200.0,4,0
10984,2025-01-17 12:40:00,200.0,11,0
10985,2025-07-12 14:28:00,200.0,5,0
10986,2025-04-30 11:04:00,200.0,8,0
10987,2025-07-29 10:10:00,200.0,5,0
10988,2025-09-27 16:18:00,200.0,3,0
10989,2025-06-24 13:58:00,200.0,6,0
10990,2025-07-23 12:03:00,200.0,5,0
10991,2025-10-03 11:00:00,150.0,2,0
10992,2025-02-02 13:00:00,250.0,11,0
10993,2025-02-02 14:33:00,200.0,11,0
10994,2025-03-20 16:21:00,200.0,9,0
10995,2025-02-27 15:37:00,200.0,10,0
10996,2025-01-26 10:41:00,200.0,11,0
10997,2025-08-14 13:11:00,200.0,4,0
10998,2025-11-12 00:00:00,450.0,1,0
10999,2025-04-09 13:19:00,200.0,8,0
11000,2025-02-25 15:00:00,150.0,10,1
11001,2025-10-13 13:00:00,150.0,2,0
11002,2025-04-04 12:00:00,250.0,9,0
11003,2025-10-15 10:05:00,200.0,2,0
11004,2025-07-19 14:00:00,250.0,5,0
11005,2025-03-25 14:10:00,200.0,9,0
11006,2025-01-27 11:13:00,200.0,11,0
11007,2025-12-03 14:34:00,200.0,1,0
11008,2025-08-24 16:45:00,200.0,4,0
11009,2025-04-02 13:33:00,200.0,9,0
11010,2025-03-02 00:00:00,450.0,10,1
11011,2025-12-23 11:23:00,200.0,1,0
11012,2025-04-18 14:00:00,150.0,8,0
11013,2025-06-24 09:00:00,150.0,6,0
11014,2025-09-14 10:34:00,200.0,3,0
11015,2025-01-15 10:38:00,200.0,11,0
11016,2025-06-16 16:00:00,150.0,6,0
11017,2025-10-08 16:33:00,200.0,2,0
11018,2025-01-12 10:45:00,200.0,11,0
11019,2025-09-28 12:23:00,200.0,3,0
11020,2025-07-27 11:42:00,200.0,5,0
11021,2025-03-13 12:03:00,200.0,9,0
11022,2025-05-25 13:42:00,200.0,7,0
11023,2025-11-05 16:14:00,200.0,1,0
11024,2025-03-20 11:50:00,200.0,9,0
11025,2025-06-23 10:07:00,200.0,6,0
11026,2025-07-18 11:25:00,200.0,5,0
11027,2025-12-15 16:32:00,200.0,1,0
11028,2025-06-30 16:20:00,200.0,6,0
11029,2025-12-07 10:00:00,150.0,1,0
11030,2025-02-15 15:20:00,200.0,10,0
11031,2025-06-02 14:06:00,200.0,7,0
11032,2025-07-25 15:04:00,200.0,5,0
11033,2025-09-30 14:51:00,200.0,3,0
11034,2025-08-24 12:08:00,200.0,4,0
11035,2025-08-16 09:57:00,200.0,4,0
11036,2025-06-15 16:22:00,200.0,6,0
11037,2025-11-29 14:00:00,150.0,1,0
11038,2025-04-27 10:31:00,200.0,8,0
11039,2026-01-03 16:00:00,250.0,1,0
11040,2025-03-27 13:00:00,250.0,9,0
11041,2025-07-28 16:14:00,200.0,5,0
11042,2025-10-04 10:04:00,200.0,2,0
11043,2025-11-16 10:16:00,200.0,1,0
11044,2025-04-05 14:19:00,200.0,9,0
11045,2025-02-01 11:09:00,200.0,11,0
11046,2025-10-28 09:45:00,200.0,2,0
11047,2025-10-16 12:59:00,200.0,2,0
11048,2025-04-12 09:41:00,200.0,8,0
11049,2025-09-24 14:18:00,200.0,3,0
11050,2025-07-20 16:00:00,150.0,5,0
11051,2025-02-10 09:58:00,200.0,10,0
11052,2025-03-17 09:18:00,200.0,9,0
11053,2025-02-15 16:47:00,200.0,10,0
11054,2025-03-21 14:16:00,200.0,9,0
11055,2025-04-05 12:00:00,150.0,9,0
11056,2025-05-28 09:48:00,200.0,7,0
11057,2025-07-21 16:59:00,200.0,5,0
11058,2025-08-30 12:12:00,200.0,4,0
11059,2025-12-11 00:00:00,150.0,1,0
11060,2025-08-13 09:41:00,200.0,4,0
11061,2025-08-21 13:22:00,200.0,4,0
11062,2025-03-27 12:00:00,250.0,9,0
11063,2025-06-03 14:36:00,200.0,7,0
11064,2025-04-13 10:46:00,200.0,8,0
11065,2025-06-15 15:23:00,200.0,6,0
11066,2025-03-31 14:23:00,200.0,9,0
11067,2025-05-15 10:00:00,250.0,7,1
11068,2025-05-23 10:37:00,200.0,7,0
11069,2025-04-16 15:23:00,200.0,8,0
11070,2025-11-01 16:52:00,200.0,2,0
11071,2025-11-13 11:53:00,200.0,1,0
11072,2025-05-03 14:08:00,200.0,8,0
11073,2025-01-09 14:04:00,200.0,11,0
11074,2025-03-14 15:41:00,200.0,9,0
11075,2025-08-11 16:24:00,200.0,4,0
11076,2025-02-10 10:30:00,200.0,10,0
11077,2025-07-23 16:16:00,200.0,5,0
11078,2025-11-29 10:00:00,150.0,1,0
11079,2025-12-14 14:47:00,200.0,1,0
11080,2025-03-25 14:56:00,200.0,9,0
11081,2025-04-22 11:00:00,150.0,8,0
11082,2025-01-07 11:40:00,200.0,11,0
11083,2025-03-25 16:35:00,200.0,9,0
11084,2025-11-10 14:30:00,200.0,1,0
11085,2025-01-03 15:49:00,200.0,12,0
11086,2025-10-24 12:29:00,200.0,2,0
11087,2026-01-16 14:00:00,150.0,1,0
11088,2025-01-21 15:00:00,150.0,11,0
11089,2025-01-12 13:36:00,200.0,11,0
11090,2025-01-25 13:05:00,200.0,11,0
11091,2025-08-31 10:14:00,200.0,4,0
11092,2025-05-27 15:19:00,200.0,7,0
11093,2025-08-26 12:19:00,200.0,4,1
11094,2025-06-22 16:13:00,200.0,6,0
11095,2025-08-09 15:54:00,200.0,4,0
11096,2025-11-05 15:23:00,200.0,1,0
11097,2025-10-28 11:00:00,150.0,2,0
11098,2025-10-27 10:19:00,200.0,2,0
11099,2025-07-30 14:48:00,200.0,5,0
11100,2025-02-06 16:48:00,200.0,10,0
11101,2025-11-08 09:51:00,200.0,1,0
11102,2025-02-28 11:04:00,200.0,10,0
11103,2025-07-21 11:02:00,200.0,5,0
11104,2025-02-04 13:21:00,200.0,11,0
11105,2025-04-03 14:08:00,200.0,9,0
11106,2025-07-26 09:37:00,200.0,5,0
11107,2025-12-17 09:00:00,250.0,1,0
11108,2025-12-16 13:52:00,200.0,1,0
11109,2025-06-08 10:01:00,200.0,6,0
11110,2025-01-24 12:36:00,200.0,11,0
11111,2025-10-20 12:33:00,200.0,2,0
11112,2025-08-08 12:25:00,200.0,4,0
11113,2025-02-09 12:00:00,250.0,10,0
11114,2025-06-01 10:55:00,200.0,7,0
11115,2025-07-03 11:00:00,150.0,6,0
11116,2025-04-06 09:51:00,200.0,8,0
11117,2025-09-07 13:54:00,200.0,3,0
11118,2025-12-20 16:48:00,200.0,1,0
11119,2025-08-16 10:10:00,200.0,4,0
11120,2025-12-04 10:00:00,150.0,1,0
11121,2025-09-19 15:08:00,200.0,3,0
11122,2025-08-31 11:47:00,200.0,4,0
11123,2025-07-05 14:19:00,200.0,5,0
11124,2025-05-05 12:21:00,200.0,8,0
11125,2025-05-11 13:33:00,200.0,7,0
11126,2025-01-18 16:52:00,200.0,11,0
11127,2025-01-21 15:06:00,200.0,11,0
11128,2025-08-13 11:33:00,200.0,4,0
11129,2025-10-09 16:41:00,200.0,2,0
11130,2025-04-10 16:05:00,200.0,8,0
11131,2025-03-28 10:30:00,200.0,9,0
11132,2025-02-09 14:00:00,150.0,10,0
11133,2025-01-02 15:18:00,200.0,12,0
11134,2025-10-20 13:37:00,200.0,2,0
11135,2025-02-10 14:39:00,200.0,10,0
11136,2025-11-12 13:32:00,200.0,1,0
11137,2025-04-21 14:07:00,200.0,8,0
11138,2025-08-19 09:30:00,200.0,4,0
11139,2025-03-25 10:44:00,200.0,9,0
11140,2025-08-19 14:32:00,200.0,4,0
11141,2025-06-16 11:00:00,250.0,6,0
11142,2025-12-11 09:03:00,200.0,1,0
11143,2025-01-28 10:17:00,200.0,11,0
11144,2025-06-12 13:35:00,200.0,6,0
11145,2025-09-18 15:02:00,200.0,3,0
11146,2025-07-02 13:00:00,250.0,6,0
11147,2025-10-30 15:36:00,200.0,2,0
11148,2025-01-10 11:07:00,200.0,11,0
11149,2025-04-28 14:43:00,200.0,8,0
11150,2025-03-21 10:55:00,200.0,9,0
11151,2025-04-03 10:43:00,200.0,9,0
11152,2025-11-28 14:42:00,200.0,1,1
11153,2025-12-27 09:06:00,200.0,1,0
11154,2025-05-13 12:50:00,200.0,7,0
11155,2025-09-21 11:07:00,200.0,3,0
11156,2025-01-01 09:07:00,200.0,12,0
11157,2025-03-07 14:00:00,150.0,9,0
11158,2025-10-11 09:52:00,200.0,2,0
11159,2025-04-17 13:06:00,200.0,8,0
11160,2025-06-24 13:17:00,200.0,6,0
11161,2025-07-23 13:13:00,200.0,5,0
11162,2025-11-01 09:43:00,200.0,2,0
11163,2025-04-30 12:48:00,200.0,8,0
11164,2025-11-08 12:35:00,200.0,1,0
11165,2025-07-26 14:28:00,200.0,5,0
11166,2025-01-21 00:00:00,450.0,11,0
11167,2025-11-30 10:55:00,200.0,1,0
11168,2025-10-20 12:01:00,200.0,2,0
11169,2025-10-09 13:25:00,200.0,2,0
11170,2025-01-01 15:16:00,200.0,12,0
11171,2025-02-04 14:03:00,200.0,11,0
11172,2025-09-02 11:49:00,200.0,4,0
11173,2025-11-21 09:23:00,200.0,1,0
11174,2025-06-28 14:38:00,200.0,6,0
11175,2025-01-12 10:32:00,200.0,11,0
11176,2025-10-03 13:17:00,200.0,2,0
11177,2025-09-26 16:00:00,150.0,3,0
11178,2025-09-08 11:14:00,200.0,3,0
11179,2025-05-06 10:56:00,200.0,7,0
11180,2025-08-05 10:19:00,200.0,4,0
11181,2025-10-12 09:06:00,200.0,2,0
11182,2025-02-08 15:48:00,200.0,10,0
11183,2025-07-20 15:00:00,150.0,5,0
11184,2025-06-27 15:30:00,200.0,6,0
11185,2025-10-21 12:19:00,200.0,2,0
11186,2025-06-03 00:00:00,450.0,7,0
11187,2025-05-06 13:38:00,200.0,7,0
11188,2025-11-04 16:28:00,200.0,1,0
11189,2025-08-22 12:07:00,200.0,4,0
11190,2025-01-08 10:39:00,200.0,11,0
11191,2025-12-07 09:05:00,200.0,1,0
11192,2025-09-21 13:29:00,200.0,3,0
11193,2026-01-14 14:00:00,250.0,1,0
11194,2025-01-05 15:59:00,200.0,12,0
11195,2025-04-13 15:00:00,150.0,8,0
11196,2025-10-17 09:13:00,200.0,2,0
11197,2025-11-07 15:29:00,200.0,1,0
11198,2025-08-06 11:32:00,200.0,4,0
11199,2025-04-24 10:29:00,200.0,8,0
11200,2025-05-25 10:29:00,200.0,7,0
11201,2025-05-16 15:21:00,200.0,7,0
11202,2025-08-20 09:41:00,200.0,4,0
11203,2025-03-17 11:51:00,200.0,9,0
11204,2025-12-14 09:00:00,150.0,1,0
11205,2025-10-29 12:29:00,200.0,2,0
11206,2025-10-16 09:23:00,200.0,2,0
11207,2025-05-27 15:45:00,200.0,7,0
11208,2025-05-22 13:02:00,200.0,7,0
11209,2025-10-31 13:13:00,200.0,2,0
11210,2025-12-27 10:55:00,200.0,1,0
11211,2025-08-30 10:00:00,250.0,4,0
11212,2025-07-11 14:23:00,200.0,5,0
11213,2025-04-02 09:00:00,150.0,9,0
11214,2025-06-10 09:37:00,200.0,6,1
11215,2025-03-30 16:07:00,200.0,9,0
11216,2025-09-26 09:18:00,200.0,3,0
11217,2025-09-02 13:25:00,200.0,4,0
11218,2025-06-08 09:18:00,200.0,6,0
11219,2025-12-17 10:00:00,250.0,1,0
11220,2025-04-12 14:58:00,200.0,8,0
11221,2025-05-12 14:33:00,200.0,7,0
11222,2025-01-19 14:35:00,200.0,11,0
11223,2025-03-23 13:54:00,200.0,9,0
11224,2025-10-06 11:32:00,200.0,2,0
11225,2025-12-31 11:28:00,200.0,1,0
11226,2025-05-09 16:04:00,200.0,7,0
11227,2025-11-06 15:39:00,200.0,1,0
11228,2025-03-30 13:47:00,200.0,9,0
11229,2025-04-15 00:00:00,300.0,8,0
11230,2025-03-17 10:17:00,200.0,9,0
11231,2025-07-18 15:11:00,200.0,5,0
11232,2025-11-12 13:23:00,200.0,1,0
11233,2025-11-01 16:15:00,200.0,2,0
11234,2025-11-12 12:00:00,150.0,1,0
11235,2025-04-12 10:50:00,200.0,8,0
11236,2025-09-24 11:48:00,200.0,3,0
11237,2025-04-20 14:06:00,200.0,8,0
11238,2025-12-18 10:00:00,150.0,1,0
11239,2025-09-22 11:06:00,200.0,3,0
11240,2025-03-26 10:03:00,200.0,9,0
11241,2025-11-24 16:01:00,200.0,1,0
11242,2025-05-09 13:00:00,250.0,7,0
11243,2025-06-05 00:00:00,450.0,7,0
11244,2025-01-12 13:36:00,200.0,11,0
11245,2025-10-31 13:14:00,200.0,2,0
11246,2025-10-27 12:42:00,200.0,2,0
11247,2025-09-28 11:19:00,200.0,3,0
11248,2025-12-09 14:19:00,200.0,1,0
11249,2025-10-29 10:18:00,200.0,2,0
11250,2025-12-30 11:39:00,200.0,1,0
11251,2025-01-21 15:32:00,200.0,11,0
11252,2025-04-17 15:57:00,200.0,8,0
11253,2025-12-02 15:09:00,200.0,1,0
11254,2025-04-27 12:05:00,200.0,8,0
11255,2025-10-08 12:59:00,200.0,2,0
11256,2025-05-30 00:00:00,450.0,7,0
11257,2025-09-28 12:42:00,200.0,3,0
11258,2025-10-04 13:49:00,200.0,2,0
11259,2025-10-02 10:59:00,200.0,3,0
11260,2025-11-30 13:25:00,200.0,1,0
11261,2025-02-21 14:04:00,200.0,10,0
11262,2025-02-20 13:00:00,150.0,10,0
11263,2025-08-27 12:36:00,200.0,4,0
11264,2025-10-18 16:59:00,200.0,2,0
11265,2025-05-24 10:31:00,200.0,7,0
11266,2025-06-14 10:00:00,250.0,6,0
11267,2025-01-02 09:35:00,200.0,12,0
11268,2025-03-18 12:28:00,200.0,9,0
11269,2025-03-31 09:55:00,200.0,9,0
11270,2025-12-17 11:00:00,250.0,1,0
11271,2025-09-20 15:24:00,200.0,3,0
11272,2025-04-18 10:57:00,200.0,8,1
11273,2025-02-08 13:10:00,200.0,10,0
11274,2025-06-08 15:07:00,200.0,6,0
11275,2025-11-08 09:10:00,200.0,1,1
11276,2025-10-25 16:50:00,200.0,2,0
11277,2025-02-05 12:49:00,200.0,10,0
11278,2025-09-20 14:13:00,200.0,3,0
11279,2025-06-21 16:11:00,200.0,6,0
11280,2025-06-22 10:33:00,200.0,6,0
11281,2025-02-16 11:37:00,200.0,10,0
11282,2025-05-21 15:01:00,200.0,7,0
11283,2025-04-28 13:10:00,200.0,8,0
11284,2025-03-21 00:00:00,150.0,9,0
11285,2025-01-26 09:48:00,200.0,11,0
11286,2025-09-28 10:58:00,200.0,3,0
11287,2025-05-01 13:58:00,200.0,8,0
11288,2025-06-19 16:45:00,200.0,6,0
11289,2025-06-01 16:35:00,200.0,7,0
11290,2025-12-01 00:00:00,300.0,1,0
11291,2025-12-13 13:24:00,200.0,1,0
11292,2025-03-09 10:29:00,200.0,9,0
11293,2025-06-01 11:53:00,200.0,7,0
11294,2025-04-10 12:04:00,200.0,8,0
11295,2025-06-16 10:50:00,200.0,6,0
11296,2025-12-11 10:13:00,200.0,1,0
11297,2025-06-13 10:03:00,200.0,6,0
11298,2025-08-30 13:35:00,200.0,4,0
11299,2025-07-22 09:00:00,250.0,5,1
11300,2025-04-18 10:33:00,200.0,8,0
11301,2025-06-10 15:17:00,200.0,6,0
11302,2025-05-29 09:53:00,200.0,7,0
11303,2025-05-30 16:58:00,200.0,7,0
11304,2025-10-20 15:19:00,200.0,2,1
11305,2025-06-09 11:20:00,200.0,6,0
11306,2025-06-07 09:00:00,250.0,6,0
11307,2025-03-19 13:29:00,200.0,9,0
11308,2025-09-11 09:48:00,200.0,3,0
11309,2025-09-15 16:17:00,200.0,3,0
11310,2025-10-18 15:45:00,200.0,2,0
11311,2025-03-26 10:19:00,200.0,9,0
11312,2025-11-19 10:11:00,200.0,1,0
11313,2025-05-15 15:00:00,150.0,7,0
11314,2025-08-29 11:20:00,200.0,4,0
11315,2025-10-07 12:05:00,200.0,2,0
11316,2025-11-24 11:00:00,150.0,1,0
11317,2025-03-09 10:50:00,200.0,9,0
11318,2025-04-12 10:09:00,200.0,8,0
11319,2025-10-15 15:05:00,200.0,2,0
11320,2025-04-19 14:38:00,200.0,8,0
11321,2025-02-05 16:51:00,200.0,10,0
11322,2025-08-17 09:18:00,200.0,4,0
11323,2025-06-16 11:00:00,250.0,6,0
11324,2025-03-14 16:25:00,200.0,9,0
11325,2026-01-15 11:00:00,250.0,1,0
11326,2025-03-11 09:08:00,200.0,9,0
11327,2025-07-15 13:53:00,200.0,5,0
11328,2025-02-18 12:44:00,200.0,10,0
11329,2025-05-25 12:00:00,250.0,7,0
11330,2025-01-05 12:53:00,200.0,12,0
11331,2025-01-27 16:04:00,200.0,11,0
11332,2025-05-29 16:50:00,200.0,7,0
11333,2025-08-18 16:48:00,200.0,4,0
11334,2025-02-19 11:55:00,200.0,10,1
11335,2025-11-12 13:00:00,150.0,1,0
11336,2025-03-01 11:00:00,250.0,10,0
11337,2025-04-26 00:00:00,150.0,8,0
11338,2025-05-10 15:06:00,200.0,7,0
11339,2025-07-20 10:00:00,250.0,5,0
11340,2025-01-24 00:00:00,150.0,11,0
11341,2025-10-18 10:37:00,200.0,2,0
11342,2025-10-13 12:38:00,200.0,2,0
11343,2025-09-28 14:00:00,250.0,3,0
11344,2025-10-27 10:31:00,200.0,2,0
11345,2025-02-05 13:35:00,200.0,10,0
11346,2025-11-29 13:11:00,200.0,1,0
11347,2025-10-14 15:08:00,200.0,2,0
11348,2025-11-07 16:24:00,200.0,1,0
11349,2025-05-14 14:00:00,250.0,7,0
11350,2025-06-07 09:25:00,200.0,6,0
11351,2025-12-31 00:00:00,300.0,1,0
11352,2025-01-12 09:51:00,200.0,11,0
11353,2025-05-16 12:38:00,200.0,7,0
11354,2025-01-03 16:48:00,200.0,12,0
11355,2025-01-30 13:42:00,200.0,11,0
11356,2025-10-20 12:00:00,150.0,2,0
11357,2025-04-30 16:00:00,150.0,8,0
11358,2025-04-28 13:59:00,200.0,8,0
11359,2025-10-30 00:00:00,450.0,2,0
11360,2025-12-30 09:52:00,200.0,1,0
11361,2025-05-01 14:43:00,200.0,8,0
11362,2025-05-29 12:05:00,200.0,7,0
11363,2025-08-19 16:26:00,200.0,4,1
11364,2025-06-10 13:36:00,200.0,6,0
11365,2025-09-29 12:13:00,200.0,3,0
11366,2025-02-07 12:54:00,200.0,10,0
11367,2025-08-14 13:40:00,200.0,4,0
11368,2025-05-22 12:45:00,200.0,7,0
11369,2025-05-31 10:27:00,200.0,7,0
11370,2025-08-25 10:27:00,200.0,4,0
11371,2025-12-27 13:25:00,200.0,1,0
11372,2025-09-15 11:33:00,200.0,3,0
11373,2025-09-20 09:00:00,150.0,3,0
11374,2025-11-27 11:24:00,200.0,1,0
11375,2025-06-29 14:13:00,200.0,6,0
11376,2025-06-03 12:57:00,200.0,7,0
11377,2025-11-23 14:00:00,250.0,1,0
11378,2025-05-23 14:40:00,200.0,7,0
11379,2025-12-09 13:00:00,150.0,1,0
11380,2025-09-01 10:27:00,200.0,4,0
11381,2025-11-07 00:00:00,150.0,1,0
11382,2025-02-18 10:20:00,200.0,10,0
11383,2025-07-14 10:00:00,250.0,5,0
11384,2025-10-18 14:53:00,200.0,2,0
11385,2025-08-04 10:45:00,200.0,4,0
11386,2025-06-22 14:00:00,250.0,6,0
11387,2025-05-14 11:07:00,200.0,7,0
11388,2025-12-02 15:58:00,200.0,1,0
11389,2025-01-22 09:00:00,150.0,11,0
11390,2025-07-09 10:00:00,150.0,5,0
11391,2025-10-04 00:00:00,150.0,2,0
11392,2025-07-25 12:44:00,200.0,5,0
11393,2025-09-13 10:16:00,200.0,3,0
11394,2025-01-25 10:59:00,200.0,11,0
11395,2025-10-08 13:22:00,200.0,2,0
11396,2025-11-25 09:00:00,250.0,1,0
11397,2025-06-20 15:00:00,150.0,6,0
11398,2025-09-27 09:21:00,200.0,3,0
11399,2025-04-20 16:05:00,200.0,8,0
11400,2025-11-06 14:55:00,200.0,1,0
11401,2025-01-25 13:26:00,200.0,11,0
11402,2025-04-27 10:27:00,200.0,8,0
11403,2025-01-25 15:40:00,200.0,11,0
11404,2025-03-09 13:35:00,200.0,9,0
11405,2025-01-12 16:57:00,200.0,11,0
11406,2025-05-08 16:14:00,200.0,7,0
11407,2025-04-02 13:12:00,200.0,9,0
11408,2025-02-06 14:00:00,250.0,10,0
11409,2025-01-20 10:36:00,200.0,11,0
11410,2025-11-26 15:00:00,150.0,1,0
11411,2025-06-09 13:15:00,200.0,6,0
11412,2025-02-12 14:49:00,200.0,10,0
11413,2025-05-10 12:44:00,200.0,7,0
11414,2025-05-31 11:04:00,200.0,7,0
11415,2025-11-04 11:00:00,250.0,1,0
11416,2025-01-05 11:56:00,200.0,12,0
11417,2025-09-23 09:53:00,200.0,3,0
11418,2025-05-21 14:00:00,150.0,7,0
11419,2025-09-24 10:54:00,200.0,3,0
11420,2025-09-10 15:46:00,200.0,3,0
11421,2025-02-25 15:43:00,200.0,10,0
11422,2025-03-24 09:09:00,200.0,9,0
11423,2025-04-09 13:19:00,200.0,8,0
11424,2025-11-25 12:31:00,200.0,1,0
11425,2025-07-09 14:23:00,200.0,5,0
11426,2025-09-20 16:15:00,200.0,3,0
11427,2025-09-12 09:00:00,250.0,3,0
11428,2025-10-14 12:00:00,150.0,2,0
11429,2025-04-13 16:09:00,200.0,8,0
11430,2025-09-30 13:47:00,200.0,3,0
11431,2025-12-25 12:23:00,200.0,1,0
11432,2025-11-29 13:00:00,250.0,1,0
11433,2025-11-04 12:56:00,200.0,1,0
11434,2025-05-19 14:00:00,150.0,7,0
11435,2025-11-10 00:00:00,450.0,1,0
11436,2025-05-20 00:00:00,300.0,7,1
11437,2025-04-26 15:53:00,200.0,8,0
11438,2025-03-31 16:00:00,150.0,9,0
11439,2025-01-07 11:34:00,200.0,11,0
11440,2025-04-02 14:26:00,200.0,9,0
11441,2025-01-14 15:47:00,200.0,11,0
11442,2025-08-23 13:00:00,250.0,4,0
11443,2025-03-30 13:00:00,150.0,9,0
11444,2025-07-02 10:47:00,200.0,6,0
11445,2025-03-03 11:32:00,200.0,10,0
11446,2025-09-03 14:57:00,200.0,3,0
11447,2025-03-20 13:48:00,200.0,9,0
11448,2025-05-18 15:12:00,200.0,7,0
11449,2025-11-10 16:58:00,200.0,1,0
11450,2025-03-06 13:34:00,200.0,10,0
11451,2025-08-01 10:52:00,200.0,5,0
11452,2025-08-30 13:45:00,200.0,4,0
11453,2025-10-02 00:00:00,450.0,3,0
11454,2025-12-18 13:00:00,250.0,1,0
11455,2025-06-22 16:23:00,200.0,6,0
11456,2025-07-11 09:00:00,250.0,5,0
11457,2025-07-07 11:02:00,200.0,5,0
11458,2025-07-10 13:31:00,200.0,5,0
11459,2025-11-04 16:28:00,200.0,1,0
11460,2025-07-15 13:00:00,150.0,5,0
11461,2025-10-26 14:00:00,250.0,2,0
11462,2025-07-15 10:22:00,200.0,5,0
11463,2025-02-21 16:34:00,200.0,10,0
11464,2025-09-09 10:33:00,200.0,3,0
11465,2025-08-20 11:10:00,200.0,4,1
11466,2025-08-21 13:07:00,200.0,4,0
11467,2025-02-11 13:35:00,200.0,10,0
11468,2025-02-11 13:22:00,200.0,10,0
11469,2025-04-23 09:22:00,200.0,8,0
11470,2025-07-26 09:00:00,250.0,5,0
11471,2025-04-30 09:34:00,200.0,8,0
11472,2025-05-09 10:48:00,200.0,7,0
11473,2025-03-09 16:00:00,150.0,9,0
11474,2025-01-29 09:37:00,200.0,11,0
11475,2025-02-03 10:00:00,150.0,11,0
11476,2025-11-10 16:30:00,200.0,1,0
11477,2025-08-20 13:57:00,200.0,4,0
11478,2025-10-11 11:58:00,200.0,2,0
11479,2025-09-04 10:08:00,200.0,3,0
11480,2025-09-21 11:20:00,200.0,3,0
11481,2025-10-11 00:00:00,300.0,2,0
11482,2025-03-20 09:21:00,200.0,9,0
11483,2025-12-09 16:46:00,200.0,1,0
11484,2025-06-22 11:51:00,200.0,6,0
11485,2025-03-10 16:36:00,200.0,9,0
11486,2025-03-28 13:47:00,200.0,9,0
11487,2025-01-08 13:54:00,200.0,11,0
11488,2025-08-10 09:00:00,250.0,4,0
11489,2025-03-28 11:25:00,200.0,9,0
11490,2025-04-19 11:30:00,200.0,8,0
11491,2025-06-01 09:57:00,200.0,7,0
11492,2025-05-13 12:21:00,200.0,7,0
11493,2025-10-04 16:46:00,200.0,2,0
11494,2025-11-17 15:00:00,150.0,1,0
11495,2025-08-16 11:55:00,200.0,4,0
11496,2025-07-30 15:05:00,200.0,5,0
11497,2025-01-28 11:44:00,200.0,11,0
11498,2025-10-08 13:00:00,250.0,2,0
11499,2025-12-16 14:47:00,200.0,1,0
11500,2025-12-18 16:35:00,200.0,1,0
11501,2025-11-16 10:58:00,200.0,1,0
11502,2025-02-07 15:38:00,200.0,10,0
11503,2025-08-08 09:20:00,200.0,4,0
11504,2025-08-11 16:47:00,200.0,4,0
11505,2025-09-13 16:29:00,200.0,3,0
11506,2025-11-25 10:44:00,200.0,1,0
11507,2025-02-18 12:08:00,200.0,10,0
11508,2025-11-20 14:05:00,200.0,1,0
11509,2025-04-15 09:16:00,200.0,8,0
11510,2025-08-05 10:27:00,200.0,4,0
11511,2025-04-29 14:33:00,200.0,8,0
11512,2025-09-12 10:36:00,200.0,3,0
11513,2025-09-23 13:39:00,200.0,3,0
11514,2025-08-04 00:00:00,450.0,5,0
11515,2025-12-13 16:11:00,200.0,1,0
11516,2025-09-15 14:24:00,200.0,3,0
11517,2025-09-26 13:12:00,200.0,3,0
11518,2025-06-09 15:18:00,200.0,6,0
11519,2025-10-15 16:55:00,200.0,2,0
11520,2025-08-14 11:53:00,200.0,4,0
11521,2025-01-10 15:34:00,200.0,11,0
11522,2025-09-30 16:02:00,200.0,3,1
11523,2025-07-02 09:19:00,200.0,6,0
11524,2025-02-01 00:00:00,150.0,11,1
11525,2025-11-11 14:13:00,200.0,1,0
11526,2025-05-04 10:44:00,200.0,8,0
11527,2025-01-19 00:00:00,450.0,11,0
11528,2025-08-01 12:07:00,200.0,5,0
11529,2025-10-29 11:00:00,250.0,2,0
11530,2025-06-23 09:21:00,200.0,6,0
11531,2025-05-02 16:29:00,200.0,8,0
11532,2025-08-23 15:00:00,250.0,4,0
11533,2025-02-08 09:11:00,200.0,10,0
11534,2025-09-25 09:47:00,200.0,3,0
11535,2025-01-18 13:13:00,200.0,11,0
11536,2025-06-23 14:00:00,150.0,6,0
11537,2025-10-29 16:44:00,200.0,2,0
11538,2025-08-26 15:44:00,200.0,4,0
11539,2025-05-31 12:04:00,200.0,7,0
11540,2025-08-12 11:56:00,200.0,4,0
11541,2025-09-13 14:09:00,200.0,3,0
11542,2025-05-30 11:33:00,200.0,7,0
11543,2026-01-05 14:00:00,250.0,1,0
11544,2025-12-14 13:20:00,200.0,1,0
11545,2025-09-26 10:14:00,200.0,3,0
11546,2025-09-15 13:41:00,200.0,3,0
11547,2025-08-01 15:55:00,200.0,5,0
11548,2025-10-20 10:00:00,250.0,2,0
11549,2025-04-05 15:25:00,200.0,9,0
11550,2025-03-29 12:13:00,200.0,9,0
11551,2025-10-05 11:31:00,200.0,2,0
11552,2025-07-08 09:57:00,200.0,5,0
11553,2025-07-03 11:23:00,200.0,6,0
11554,2025-08-07 14:00:00,150.0,4,0
11555,2025-01-19 15:34:00,200.0,11,0
11556,2025-01-30 15:50:00,200.0,11,0
11557,2025-04-18 15:08:00,200.0,8,0
11558,2025-10-08 16:15:00,200.0,2,0
11559,2025-08-17 15:46:00,200.0,4,0
11560,2025-05-16 10:55:00,200.0,7,0
11561,2025-07-18 16:00:00,250.0,5,0
11562,2025-03-13 09:29:00,200.0,9,0
11563,2025-12-30 13:38:00,200.0,1,0
11564,2025-01-03 09:42:00,200.0,12,0
11565,2025-04-14 11:42:00,200.0,8,0
11566,2025-08-12 16:31:00,200.0,4,0
11567,2025-12-28 10:53:00,200.0,1,0
11568,2025-01-10 13:21:00,200.0,11,0
11569,2025-10-29 15:22:00,200.0,2,0
11570,2025-08-07 11:29:00,200.0,4,0
11571,2025-03-07 09:29:00,200.0,9,0
11572,2025-04-22 13:36:00,200.0,8,0
11573,2025-03-27 10:08:00,200.0,9,0
11574,2025-03-31 10:25:00,200.0,9,0
11575,2025-02-23 12:31:00,200.0,10,1
11576,2025-07-28 14:14:00,200.0,5,0
11577,2025-01-14 09:53:00,200.0,11,0
11578,2025-01-20 11:51:00,200.0,11,0
11579,2025-08-31 15:28:00,200.0,4,0
11580,2025-03-11 16:21:00,200.0,9,0
11581,2025-07-30 13:52:00,200.0,5,0
11582,2025-07-20 12:00:00,250.0,5,0
11583,2025-04-21 13:34:00,200.0,8,0
11584,2025-05-12 12:57:00,200.0,7,0
11585,2025-01-24 14:23:00,200.0,11,0
11586,2025-09-01 10:00:00,150.0,4,0
11587,2025-11-03 14:00:00,150.0,1,0
11588,2025-11-06 16:30:00,200.0,1,0
11589,2025-12-25 13:51:00,200.0,1,0
11590,2025-07-21 14:04:00,200.0,5,0
11591,2025-09-17 12:57:00,200.0,3,0
11592,2025-03-05 13:00:00,250.0,10,0
11593,2025-01-20 09:26:00,200.0,11,0
11594,2025-04-29 15:20:00,200.0,8,0
11595,2025-01-04 13:54:00,200.0,12,0
11596,2025-01-14 11:10:00,200.0,11,0
11597,2025-08-04 13:21:00,200.0,4,0
11598,2025-12-02 10:44:00,200.0,1,0
11599,2025-02-24 12:21:00,200.0,10,0
11600,2025-02-03 00:00:00,300.0,11,0
11601,2025-06-11 14:54:00,200.0,6,0
11602,2025-03-23 11:17:00,200.0,9,0
11603,2025-07-01 12:00:00,250.0,6,0
11604,2025-03-01 11:15:00,200.0,10,0
11605,2025-11-01 15:28:00,200.0,2,0
11606,2025-07-30 14:06:00,200.0,5,0
11607,2025-06-01 13:47:00,200.0,7,0
11608,2025-04-03 14:00:00,150.0,9,0
11609,2025-11-10 14:51:00,200.0,1,0
11610,2025-04-27 15:48:00,200.0,8,0
11611,2025-12-22 16:33:00,200.0,1,0
11612,2025-01-19 16:32:00,200.0,11,0
11613,2025-06-22 12:47:00,200.0,6,0
11614,2025-12-16 15:13:00,200.0,1,0
11615,2025-05-12 15:00:00,150.0,7,0
11616,2025-05-26 15:21:00,200.0,7,0
11617,2025-04-26 09:47:00,200.0,8,0
11618,2025-09-08 12:57:00,200.0,3,0
11619,2025-09-12 15:00:00,250.0,3,0
11620,2025-11-09 12:35:00,200.0,1,0
11621,2025-04-28 13:16:00,200.0,8,0
11622,2025-06-10 09:01:00,200.0,6,0
11623,2025-07-17 12:55:00,200.0,5,0
11624,2025-06-12 16:00:00,150.0,6,0
11625,2025-02-16 11:24:00,200.0,10,0
11626,2025-05-16 00:00:00,450.0,7,0
11627,2025-04-05 12:00:00,150.0,9,0
11628,2025-03-16 15:13:00,200.0,9,0
11629,2025-05-17 10:26:00,200.0,7,0
11630,2025-01-17 00:00:00,150.0,11,0
11631,2025-03-02 10:10:00,200.0,10,0
11632,2025-02-19 11:26:00,200.0,10,0
11633,2025-04-17 09:27:00,200.0,8,0
11634,2025-12-16 14:58:00,200.0,1,0
11635,2025-04-28 13:21:00,200.0,8,0
11636,2025-07-17 09:31:00,200.0,5,0
11637,2025-12-31 11:02:00,200.0,1,0
11638,2025-09-02 11:44:00,200.0,4,0
11639,2025-02-08 14:00:00,150.0,10,0
11640,2025-03-10 13:47:00,200.0,9,0
11641,2025-11-16 13:37:00,200.0,1,0
11642,2025-02-18 13:14:00,200.0,10,0
11643,2025-03-15 16:35:00,200.0,9,0
11644,2025-09-29 12:00:00,250.0,3,0
11645,2025-03-11 10:07:00,200.0,9,0
11646,2025-09-17 14:43:00,200.0,3,0
11647,2025-08-19 15:37:00,200.0,4,0
11648,2025-05-09 16:08:00,200.0,7,1
11649,2025-11-09 12:09:00,200.0,1,0
11650,2025-11-22 09:17:00,200.0,1,0
11651,2025-07-01 14:56:00,200.0,6,0
11652,2025-11-12 12:13:00,200.0,1,0
11653,2025-07-11 09:00:00,250.0,5,0
11654,2025-02-25 12:00:00,250.0,10,0
11655,2025-06-21 09:00:00,250.0,6,0
11656,2025-02-05 13:31:00,200.0,10,0
11657,2025-12-30 10:56:00,200.0,1,0
11658,2025-12-29 12:00:00,250.0,1,0
11659,2025-06-12 15:19:00,200.0,6,0
11660,2025-08-08 14:10:00,200.0,4,0
11661,2025-04-30 10:35:00,200.0,8,0
11662,2025-12-02 16:38:00,200.0,1,0
11663,2025-07-09 15:00:00,250.0,5,0
11664,2025-04-16 09:35:00,200.0,8,0
11665,2025-07-24 14:36:00,200.0,5,0
11666,2025-02-25 09:00:00,150.0,10,0
11667,2025-10-28 12:41:00,200.0,2,0
11668,2025-07-03 11:20:00,200.0,6,0
11669,2025-03-25 10:42:00,200.0,9,0
11670,2025-09-07 11:20:00,200.0,3,0
11671,2025-01-21 12:21:00,200.0,11,0
11672,2025-06-27 09:22:00,200.0,6,0
11673,2025-01-07 14:21:00,200.0,11,0
11674,2025-05-07 15:46:00,200.0,7,0
11675,2025-06-09 16:27:00,200.0,6,0
11676,2025-07-22 12:31:00,200.0,5,0
11677,2025-05-23 16:30:00,200.0,7,0
11678,2025-07-18 13:19:00,200.0,5,0
11679,2025-06-03 12:52:00,200.0,7,0
11680,2025-05-22 09:03:00,200.0,7,0
11681,2025-06-14 10:17:00,200.0,6,0
11682,2025-01-21 10:05:00,200.0,11,0
11683,2025-03-10 11:50:00,200.0,9,0
11684,2025-03-28 10:16:00,200.0,9,0
11685,2025-11-01 11:41:00,200.0,2,0
11686,2025-12-11 13:17:00,200.0,1,0
11687,2025-06-10 10:29:00,200.0,6,0
11688,2025-05-22 12:00:00,250.0,7,0
11689,2025-11-23 14:14:00,200.0,1,0
11690,2025-10-16 09:36:00,200.0,2,0
11691,2025-09-12 00:00:00,300.0,3,0
11692,2025-03-02 10:54:00,200.0,10,0
11693,2025-02-03 10:00:00,150.0,11,0
11694,2025-02-12 09:36:00,200.0,10,0
11695,2025-03-27 09:27:00,200.0,9,0
11696,2025-01-17 10:32:00,200.0,11,0
11697,2025-07-17 10:22:00,200.0,5,0
11698,2025-03-06 10:37:00,200.0,10,0
11699,2025-12-07 13:25:00,200.0,1,0
11700,2025-01-02 14:43:00,200.0,12,0
11701,2025-04-22 09:59:00,200.0,8,0
11702,2025-03-07 10:27:00,200.0,9,0
11703,2025-04-08 16:18:00,200.0,8,0
11704,2025-05-05 15:16:00,200.0,8,0
11705,2025-03-27 12:14:00,200.0,9,0
11706,2025-12-10 15:47:00,200.0,1,0
11707,2025-10-21 12:29:00,200.0,2,0
11708,2025-02-28 10:29:00,200.0,10,0
11709,2025-03-11 00:00:00,300.0,9,0
11710,2025-08-31 15:59:00,200.0,4,0
11711,2025-02-18 16:26:00,200.0,10,0
11712,2025-02-01 15:32:00,200.0,11,0
11713,2025-10-04 12:16:00,200.0,2,0
11714,2025-06-03 15:40:00,200.0,7,0
11715,2025-03-09 14:28:00,200.0,9,0
11716,2025-08-02 15:59:00,200.0,5,0
11717,2025-09-06 13:00:00,250.0,3,0
11718,2025-03-26 14:00:00,150.0,9,0
11719,2025-04-26 12:19:00,200.0,8,0
11720,2025-10-18 11:00:00,250.0,2,0
11721,2025-06-17 10:39:00,200.0,6,0
11722,2025-10-11 10:13:00,200.0,2,0
11723,2025-03-07 09:12:00,200.0,9,0
11724,2025-09-05 14:18:00,200.0,3,0
11725,2025-02-13 09:51:00,200.0,10,0
11726,2025-02-11 12:01:00,200.0,10,0
11727,2025-08-15 14:07:00,200.0,4,0
11728,2025-06-16 12:10:00,200.0,6,0
11729,2025-10-06 09:37:00,200.0,2,0
11730,2025-06-27 11:56:00,200.0,6,0
11731,2025-07-16 11:27:00,200.0,5,0
11732,2025-09-24 16:23:00,200.0,3,0
11733,2025-09-25 10:27:00,200.0,3,0
11734,2025-01-08 16:31:00,200.0,11,0
11735,2025-10-24 12:49:00,200.0,2,0
11736,2025-03-26 16:38:00,200.0,9,0
11737,2025-02-24 09:20:00,200.0,10,0
11738,2025-02-16 15:29:00,200.0,10,0
11739,2025-08-26 16:02:00,200.0,4,0
11740,2025-07-29 10:45:00,200.0,5,1
11741,2025-11-12 12:34:00,200.0,1,0
11742,2025-09-25 10:30:00,200.0,3,0
11743,2025-08-01 00:00:00,300.0,5,1
11744,2025-12-31 11:39:00,200.0,1,0
11745,2025-10-10 10:54:00,200.0,2,0
11746,2025-12-29 16:37:00,200.0,1,0
11747,2025-08-08 09:54:00,200.0,4,0
11748,2025-01-08 13:34:00,200.0,11,0
11749,2025-06-25 11:20:00,200.0,6,1
11750,2025-04-11 12:32:00,200.0,8,0
11751,2025-09-03 11:52:00,200.0,3,0
11752,2025-02-23 09:00:00,250.0,10,0
11753,2025-01-12 11:10:00,200.0,11,0
11754,2025-11-15 15:00:00,150.0,1,0
11755,2025-01-16 09:21:00,200.0,11,0
11756,2025-03-04 13:26:00,200.0,10,0
11757,2025-04-25 00:00:00,150.0,8,0
11758,2025-09-26 10:23:00,200.0,3,0
11759,2025-09-17 12:48:00,200.0,3,0
11760,2025-04-12 10:38:00,200.0,8,0
11761,2025-08-11 11:07:00,200.0,4,0
11762,2025-09-04 16:45:00,200.0,3,0
11763,2025-10-10 13:28:00,200.0,2,0
11764,2025-01-28 11:00:00,250.0,11,0
11765,2025-12-19 12:07:00,200.0,1,0
11766,2025-10-08 12:36:00,200.0,2,0
11767,2025-06-03 14:05:00,200.0,7,0
11768,2025-05-18 11:00:00,150.0,7,0
11769,2025-07-08 12:39:00,200.0,5,0
11770,2025-09-22 12:59:00,200.0,3,0
11771,2025-05-14 11:12:00,200.0,7,0
11772,2025-01-07 00:00:00,300.0,11,0
11773,2025-12-30 12:37:00,200.0,1,0
11774,2025-02-17 00:00:00,450.0,10,0
11775,2025-09-12 14:00:00,150.0,3,0
11776,2025-05-11 12:34:00,200.0,7,0
11777,2025-10-13 10:42:00,200.0,2,0
11778,2025-04-01 00:00:00,300.0,9,1
11779,2025-09-05 10:12:00,200.0,3,0
11780,2025-07-09 09:57:00,200.0,5,0
11781,2025-06-12 12:52:00,200.0,6,0
11782,2025-02-19 09:00:00,150.0,10,0
11783,2025-11-03 15:09:00,200.0,1,0
11784,2025-12-04 10:19:00,200.0,1,0
11785,2025-03-16 09:28:00,200.0,9,0
11786,2025-10-06 16:05:00,200.0,2,0
11787,2025-05-30 09:42:00,200.0,7,0
11788,2025-11-21 12:01:00,200.0,1,0
11789,2025-05-19 14:30:00,200.0,7,0
11790,2025-09-28 11:33:00,200.0,3,0
11791,2025-10-16 12:05:00,200.0,2,0
11792,2025-10-19 10:00:00,250.0,2,0
11793,2025-03-07 11:30:00,200.0,9,0
11794,2025-09-05 12:33:00,200.0,3,0
11795,2025-02-17 15:00:00,150.0,10,0
11796,2025-08-12 12:00:00,250.0,4,0
11797,2025-05-04 09:54:00,200.0,8,0
11798,2025-09-04 15:17:00,200.0,3,0
11799,2025-05-08 15:21:00,200.0,7,0
11800,2025-03-08 12:43:00,200.0,9,0
11801,2025-11-21 14:00:00,250.0,1,0
11802,2025-05-23 15:22:00,200.0,7,0
11803,2025-01-21 11:02:00,200.0,11,0
11804,2025-11-09 13:17:00,200.0,1,0
11805,2025-10-29 12:30:00,200.0,2,0
11806,2025-05-22 12:56:00,200.0,7,0
11807,2025-02-12 09:00:00,150.0,10,0
11808,2025-12-21 12:39:00,200.0,1,0
11809,2025-11-29 15:50:00,200.0,1,0
11810,2025-07-29 11:39:00,200.0,5,0
11811,2025-08-13 14:24:00,200.0,4,0
11812,2025-09-08 11:27:00,200.0,3,0
11813,2025-04-07 10:00:00,250.0,8,0
11814,2025-02-15 14:21:00,200.0,10,0
11815,2025-05-22 12:57:00,200.0,7,0
11816,2025-11-24 14:35:00,200.0,1,0
11817,2025-02-04 11:17:00,200.0,11,0
11818,2025-01-30 15:19:00,200.0,11,0
11819,2025-11-30 11:02:00,200.0,1,0
11820,2025-03-25 09:03:00,200.0,9,0
11821,2025-10-18 16:00:00,150.0,2,0
11822,2025-12-10 14:24:00,200.0,1,0
11823,2025-06-03 14:44:00,200.0,7,0
11824,2025-08-03 14:55:00,200.0,5,0
11825,2025-03-24 14:07:00,200.0,9,0
11826,2025-10-02 09:33:00,200.0,3,0
11827,2025-10-11 12:10:00,200.0,2,0
11828,2025-07-07 15:00:00,250.0,5,0
11829,2025-07-28 15:00:00,250.0,5,0
11830,2025-03-14 11:36:00,200.0,9,0
11831,2025-05-04 15:22:00,200.0,8,0
11832,2025-05-01 12:44:00,200.0,8,0
11833,2025-10-02 15:29:00,200.0,3,0
11834,2025-04-30 14:19:00,200.0,8,0
11835,2025-11-13 12:21:00,200.0,1,0
11836,2025-10-13 09:44:00,200.0,2,0
11837,2025-11-16 09:50:00,200.0,1,0
11838,2025-11-04 09:04:00,200.0,1,0
11839,2025-06-04 11:00:00,150.0,7,0
11840,2025-11-05 11:14:00,200.0,1,0
11841,2025-11-30 14:24:00,200.0,1,0
11842,2025-02-10 12:13:00,200.0,10,0
11843,2025-03-09 12:26:00,200.0,9,0
11844,2025-09-21 10:36:00,200.0,3,0
11845,2025-12-27 13:47:00,200.0,1,0
11846,2025-04-20 14:52:00,200.0,8,0
11847,2025-05-14 15:00:00,250.0,7,0
11848,2025-09-26 15:00:00,250.0,3,0
11849,2025-01-16 13:22:00,200.0,11,0
11850,2025-03-03 09:40:00,200.0,10,0
11851,2025-06-07 12:06:00,200.0,6,0
11852,2025-02-04 11:36:00,200.0,11,0
11853,2025-03-05 14:45:00,200.0,10,0
11854,2025-02-19 13:05:00,200.0,10,0
11855,2025-09-12 13:24:00,200.0,3,0
11856,2025-11-21 16:16:00,200.0,1,0
11857,2025-10-03 13:03:00,200.0,2,0
11858,2025-06-21 09:37:00,200.0,6,0
11859,2025-07-20 13:23:00,200.0,5,0
11860,2025-11-20 11:03:00,200.0,1,0
11861,2025-08-04 16:04:00,200.0,4,0
11862,2025-03-06 16:53:00,200.0,10,0
11863,2025-10-28 15:54:00,200.0,2,0
11864,2025-11-28 14:41:00,200.0,1,0
11865,2025-03-17 14:04:00,200.0,9,0
11866,2025-02-16 15:03:00,200.0,10,0
11867,2025-12-27 11:10:00,200.0,1,0
11868,2025-01-26 12:09:00,200.0,11,0
11869,2025-04-26 14:00:00,150.0,8,0
11870,2025-08-22 13:00:00,150.0,4,0
11871,2025-11-03 14:06:00,200.0,1,0
11872,2025-10-03 09:08:00,200.0,2,0
11873,2025-06-06 11:57:00,200.0,6,0
11874,2025-05-12 15:07:00,200.0,7,0
11875,2025-12-14 12:39:00,200.0,1,0
11876,2025-09-17 14:36:00,200.0,3,0
11877,2025-03-17 13:58:00,200.0,9,0
11878,2025-03-08 14:50:00,200.0,9,0
11879,2025-07-13 16:27:00,200.0,5,0
11880,2025-06-11 11:57:00,200.0,6,0
11881,2025-12-27 09:02:00,200.0,1,0
11882,2025-03-13 15:20:00,200.0,9,0
11883,2025-10-14 14:00:00,150.0,2,0
11884,2025-06-16 10:00:00,150.0,6,0
11885,2025-03-02 12:14:00,200.0,10,0
11886,2025-09-19 10:35:00,200.0,3,0
11887,2025-10-10 16:04:00,200.0,2,1
11888,2025-12-28 09:56:00,200.0,1,0
11889,2025-04-03 13:27:00,200.0,9,0
11890,2025-09-05 11:00:00,250.0,3,0
11891,2025-05-22 11:42:00,200.0,7,0
11892,2025-08-25 12:10:00,200.0,4,0
11893,2025-11-08 09:47:00,200.0,1,0
11894,2025-05-21 13:18:00,200.0,7,0
11895,2025-02-18 14:01:00,200.0,10,0
11896,2025-07-09 16:39:00,200.0,5,0
11897,2025-02-12 12:22:00,200.0,10,0
11898,2025-12-19 10:01:00,200.0,1,0
11899,2025-10-22 13:32:00,200.0,2,0
11900,2025-09-02 09:46:00,200.0,4,0
11901,2025-07-11 14:12:00,200.0,5,0
11902,2025-04-25 11:00:00,250.0,8,0
11903,2025-11-06 14:28:00,200.0,1,0
11904,2025-09-02 00:00:00,450.0,4,0
11905,2025-12-31 13:00:00,250.0,1,0
11906,2025-11-01 09:55:00,200.0,2,0
11907,2025-01-18 16:00:00,250.0,11,0
11908,2025-10-11 11:00:00,150.0,2,0
11909,2025-02-28 15:39:00,200.0,10,0
11910,2025-07-02 09:28:00,200.0,6,0
11911,2025-02-08 13:38:00,200.0,10,0
11912,2025-07-11 11:13:00,200.0,5,0
11913,2025-05-27 11:11:00,200.0,7,0
11914,2025-11-29 15:17:00,200.0,1,0
11915,2025-02-15 13:22:00,200.0,10,0
11916,2025-01-01 16:16:00,200.0,12,0
11917,2025-04-18 11:39:00,200.0,8,0
11918,2025-11-28 16:12:00,200.0,1,0
11919,2025-05-17 12:00:00,250.0,7,0
11920,2025-08-28 09:58:00,200.0,4,0
11921,2025-10-28 10:41:00,200.0,2,0
11922,2025-04-13 12:47:00,200.0,8,0
11923,2025-09-07 13:58:00,200.0,3,0
11924,2025-01-08 09:58:00,200.0,11,0
11925,2025-12-13 14:20:00,200.0,1,0
11926,2025-12-09 14:16:00,200.0,1,0
11927,2025-08-03 09:57:00,200.0,5,0
11928,2025-06-24 12:44:00,200.0,6,0
11929,2025-12-04 10:50:00,200.0,1,0
11930,2025-11-20 14:49:00,200.0,1,0
11931,2025-06-10 15:58:00,200.0,6,0
11932,2025-03-23 13:34:00,200.0,9,0
11933,2025-05-31 15:00:00,250.0,7,0
11934,2025-07-29 00:00:00,450.0,5,0
11935,2025-08-13 12:26:00,200.0,4,0
11936,2025-08-31 15:39:00,200.0,4,0
11937,2025-02-10 15:12:00,200.0,10,0
11938,2025-09-15 15:52:00,200.0,3,0
11939,2025-10-12 09:56:00,200.0,2,0
11940,2025-07-21 10:28:00,200.0,5,0
11941,2025-11-03 11:30:00,200.0,1,0
11942,2025-09-23 14:20:00,200.0,3,0
11943,2025-07-29 11:11:00,200.0,5,0
11944,2025-04-28 09:37:00,200.0,8,0
11945,2025-12-04 00:00:00,150.0,1,0
11946,2025-10-10 12:00:00,250.0,2,0
11947,2025-06-04 13:50:00,200.0,7,0
11948,2025-01-02 13:05:00,200.0,12,0
11949,2025-06-15 11:59:00,200.0,6,0
11950,2025-12-16 16:37:00,200.0,1,0
11951,2025-09-15 09:34:00,200.0,3,0
11952,2025-01-19 00:00:00,450.0,11,0
11953,2025-09-11 09:00:00,250.0,3,0
11954,2025-11-07 13:46:00,200.0,1,0
11955,2025-12-23 13:39:00,200.0,1,0
11956,2025-03-03 09:42:00,200.0,10,0
11957,2025-05-24 15:00:00,150.0,7,0
11958,2025-10-06 16:57:00,200.0,2,0
11959,2025-10-21 12:55:00,200.0,2,0
11960,2025-10-04 14:48:00,200.0,2,0
11961,2025-04-17 10:31:00,200.0,8,0
11962,2025-04-28 13:00:00,250.0,8,0
11963,2025-03-14 13:22:00,200.0,9,0
11964,2025-05-29 14:00:00,250.0,7,0
11965,2025-07-07 12:54:00,200.0,5,0
11966,2025-12-20 16:46:00,200.0,1,0
11967,2025-07-14 12:08:00,200.0,5,0
11968,2025-06-21 15:55:00,200.0,6,0
11969,2025-02-10 15:41:00,200.0,10,0
11970,2025-01-23 16:22:00,200.0,11,0
11971,2025-03-16 16:27:00,200.0,9,0
11972,2025-06-10 10:00:00,250.0,6,0
11973,2025-11-10 14:00:00,250.0,1,0
11974,2025-04-10 12:17:00,200.0,8,0
11975,2025-06-16 10:26:00,200.0,6,0
11976,2025-06-05 13:46:00,200.0,6,0
11977,2025-01-07 12:28:00,200.0,11,0
11978,2025-03-10 09:00:00,250.0,9,0
11979,2025-07-12 15:20:00,200.0,5,0
11980,2025-05-28 11:45:00,200.0,7,0
11981,2025-06-25 10:00:00,150.0,6,0
11982,2025-05-06 11:55:00,200.0,7,0
11983,2025-11-01 09:15:00,200.0,2,0
11984,2025-10-21 16:20:00,200.0,2,0
11985,2025-11-21 16:47:00,200.0,1,0
11986,2025-11-06 00:00:00,300.0,1,0
11987,2025-08-19 00:00:00,300.0,4,0
11988,2025-11-17 15:33:00,200.0,1,0
11989,2025-04-23 13:15:00,200.0,8,0
11990,2025-11-21 14:54:00,200.0,1,0
11991,2025-12-10 11:18:00,200.0,1,0
11992,2025-03-08 11:16:00,200.0,9,0
11993,2025-02-14 12:44:00,200.0,10,0
11994,2025-06-04 11:00:00,150.0,7,0
11995,2025-12-29 16:49:00,200.0,1,0
11996,2025-08-22 11:23:00,200.0,4,0
11997,2025-11-09 00:00:00,300.0,1,0
11998,2025-11-11 13:52:00,200.0,1,0
11999,2025-09-02 14:34:00,200.0,4,0
